imdbId,x,y
tt0113101,0.46080852492608265,-3.869638488574157
tt0076759,23.420569755236983,13.336369942793688
tt0266543,8.464899581349368,26.299277475981864
tt0109830,-8.570004060433936,22.43561532745494
tt0169547,-14.814920426736787,-0.9667637554103791
tt0033467,-5.257676044318418,-25.899275704435215
tt0168629,-18.684673889990375,8.749481265883826
tt0119116,15.306226945846827,1.1238028457219433
tt0017136,-7.0815511433044,5.233919039031771
tt0325980,21.479785607948035,23.0750424883248
tt0266697,15.13550753015683,-21.523393146102446
tt0418763,27.047343600064934,-5.316474428934622
tt0078788,24.372843458512378,-4.610793058185553
tt0105695,14.774852178929136,-3.7723109527365413
tt0462538,10.531709191494745,17.319956499644928
tt0338013,-10.598879373835693,2.175320166382025
tt0245712,1.2471512020849338,-1.4136776182276387
tt0383574,21.556372053991133,23.12289971883129
tt0399146,-5.58056099874334,-23.415618152950717
tt0062622,16.26506169629518,15.381527270505956
tt0114746,10.71947622076432,4.447879487113425
tt0287467,-17.16004234013948,-9.981243509960795
tt0298203,-22.754803447736492,15.229443639463549
tt0118548,22.278164410242606,-17.577665721835057
tt0088846,1.6483293479266905,-9.21418407856337
tt0358273,-16.712495261780383,11.592666937781212
tt0405159,-15.89640945390555,27.753257422404786
tt0249462,-16.910197359608194,15.520502137446508
tt0120586,8.881772978206039,-16.549506732017214
tt0407304,-14.364855243282058,-17.51778028410135
tt0116996,11.709766366162462,15.872271078548426
tt0112471,-19.37623520119452,-3.2990497470504616
tt0209144,-2.270211087879807,-18.04713316166159
tt0083658,16.179878294186004,6.634354253475797
tt0299977,23.371400286906983,1.2155283806112729
tt0381681,-19.5702239230477,-3.5013155335555988
tt0087544,10.1571627918364,23.421467318220994
tt0430357,6.004743883423352,-20.774149530290334
tt0374102,18.22354288324459,21.024884956778482
tt0082971,26.106091910166104,12.891805430574754
tt0087469,26.09270560990026,12.867952524190835
tt0092890,-25.818984667121278,4.615240361679904
tt0097576,26.107797127009995,12.886215938115663
tt0086960,12.445274090901211,-16.394811886122245
tt0052561,2.3543878299134744,-25.107403878241374
tt0120591,19.066233531472733,15.432715491029388
tt0092644,11.675388372777608,-15.972150323655883
tt0084827,15.527294262355404,4.632659286756017
tt0172495,25.253816557433534,7.911095639183773
tt0185125,-13.30846993386263,-13.973844053780548
tt0120735,11.5913840081818,-11.442366383847894
tt0110413,7.250607090988392,-18.36083749327942
tt0075314,10.19192394836651,-18.364134078201616
tt0130827,10.028317702178189,-12.353734348392573
tt0088763,-4.707520191985127,9.419498554470511
tt0093773,22.36695821687504,-7.395533631653716
tt0208092,10.791027772748578,-9.80536596573484
tt0108394,-17.79820900477031,-3.072661448258129
tt0111507,-18.657018489246596,-2.5600682634728216
tt0111495,-20.185956004817676,0.7324401908544814
tt0086250,10.876422009916952,-15.040701892877088
tt0374546,-6.704835783161334,0.4197598908694631
tt0100405,-13.288231027735325,16.68063018176678
tt0118715,-9.940369988343903,10.271987369170638
tt0416320,-13.010614198955547,6.82360070139158
tt0094226,14.162990547124672,-18.08496607354212
tt0367594,-7.015601934556734,20.714372070888892
tt0120737,6.005041957426567,29.947202427612915
tt0167261,5.962174227163439,29.954820927884843
tt0167260,5.991406491867434,29.978117800868073
tt0077869,5.9897580720393835,29.977516253172848
tt0119698,20.804624576721878,5.41948760113087
tt0245429,-11.34304762774748,-8.234253499477497
tt0190590,17.33346375424141,-3.72618142563841
tt0022913,-12.03807819171497,13.433484306088495
tt0107048,8.391749723685589,-0.04747728477024991
tt0021814,0.32625355860718763,7.212513441935379
tt0275491,-13.219750072267091,2.987355457784161
tt0246578,-0.9672040054495644,-0.7048750468535439
tt0388795,11.841617267331728,-1.332969173814628
tt0020629,28.405795547641898,2.181548770631345
tt0093191,-5.03436501197297,4.713092159763417
tt0115751,-23.366342234348213,-10.779428092468693
tt0190332,-6.151106478999497,-19.21860112062005
tt0053198,-13.317641279904535,-1.1528006391143089
tt0094625,17.858395785227525,3.4845580135827263
tt0083511,8.06729617153009,-21.369346512933106
tt0079945,19.36620496895455,13.57609740689969
tt0335266,-21.924592200094057,-14.823115093283956
tt0084726,19.171673803992235,13.38558118135817
tt0468569,6.232764218630355,12.964773913882915
tt0088170,19.286214789219816,13.588958743200104
tt0119472,9.284736701759646,-9.875861408948449
tt0240772,10.377842217293958,-13.16378303623856
tt0099487,9.853903510342027,9.685240825229439
tt0349903,10.67306458205057,-13.256079185700889
tt0054698,-16.48318791088991,6.683145781576253
tt0096874,-4.71050925159009,9.55727481824044
tt0272152,-2.274714209038495,-0.2710590126427482
tt0092007,18.840230574743497,13.318677135435081
tt0100403,13.387502810971837,11.84635369102626
tt0289043,8.772969514601048,3.8963669838849757
tt0098382,18.68173228762962,13.92302517446145
tt0046672,19.137173911181723,19.68601968184613
tt0102975,19.77580406321722,13.67965492880993
tt0095250,19.010877321642774,21.022045863060182
tt0387564,-1.3955858176200653,-15.389979611891352
tt0101889,11.715415869363058,2.974301359411997
tt0109303,25.18211211117749,-9.190617617871457
tt0373926,23.461789146123934,-15.772005209239786
tt0181689,5.666757122809362,-19.18416650935717
tt0119396,7.5967781942053865,-13.397407081611206
tt0066921,5.828227189068072,-16.549503037380155
tt0425210,16.869133633546124,-20.029116319636397
tt0401792,15.331217495863276,-7.6302893369140845
tt0458481,15.351170951722857,-7.728153858320409
tt0091605,3.759608023132534,4.375344596679711
tt0111280,19.285460148331495,13.837037360650063
tt0211915,-18.830447717025788,5.780211804208642
tt0099088,-4.719916523029709,9.63301729893729
tt0112573,13.836702769186628,1.658291004338134
tt0035446,31.612206737474235,-5.114710317720838
tt0117731,19.126161041188787,13.773944335606632
tt0120844,18.91925083479413,13.815863099101676
tt0253754,18.93880206461316,13.939525714616702
tt0070379,10.980030357385433,-5.6501340024937265
tt0046268,14.535540310111909,20.64612976566181
tt0395169,33.51617557526057,0.3447762812779067
tt0097165,-29.97535004348504,13.884483385643934
tt0036613,-22.40928498971547,-1.1631573201725698
tt0053125,24.064400644291403,-18.56323237419447
tt0489270,8.79480946793633,-29.180139841407247
tt0432348,8.785365695111356,-29.044426228804973
tt0367882,22.103599308960533,-9.966158900026263
tt0088247,14.924275784532345,6.945914491228436
tt0441909,-10.165209138853319,-10.89994293128787
tt0048028,26.520948821818674,1.4881202495013552
tt0048545,-27.94571858280185,7.694322730020095
tt0032976,-16.02897119458792,-6.3640844013103655
tt0171804,-7.822048319920774,3.832753949451133
tt0086066,13.599716507357844,-9.158771268828392
tt0026138,-1.6735672853544354,5.596653593681665
tt0365737,19.416979394378465,-12.454915435061462
tt0086216,13.587121526898745,-7.530246646574709
tt0010323,-2.074377829658825,4.132079816429376
tt0092005,3.039706193525041,-0.8594233357478378
tt0110598,-23.561572889445728,5.0860002908057345
tt0068646,15.75835745316378,-23.89598240381498
tt0053291,-20.262724721192907,11.61478078937144
tt0071562,15.723278516786753,-23.97782714966319
tt0110632,-0.5729728303622168,-14.79117829776879
tt0099674,15.636024186364665,-23.909559538001776
tt0146882,-25.84136127154388,-1.217442608808102
tt0024216,11.542060835195517,20.630269666153104
tt0276751,-16.1055229368547,14.674709364617305
tt0363226,20.29745148565159,3.4457632499849558
tt0049406,7.782736532432207,-12.458002719658252
tt0098621,-22.45072915720081,-6.791168700684438
tt0099653,1.0212619785946744,-8.939618628558572
tt0067992,-1.578965459735766,20.786415321500037
tt0070328,19.06434309552832,-11.20256109545497
tt0360717,11.475551908709168,20.70445417751775
tt0380599,-4.70688751220959,22.550926444564308
tt0026029,20.137727415324534,-12.30592095445473
tt0051459,-10.328326696617534,4.481366516268601
tt0085794,-11.17060311035463,21.211006859503826
tt0057345,-13.116235790814661,9.22479544855928
tt0118819,-2.870416043782735,-22.775659010207537
tt0096895,6.242922814039164,12.9439994007927
tt0053472,8.765575744996404,-10.204644426413322
tt0372784,6.2501729373202215,13.078848606107805
tt0102926,20.263447940169314,-21.22458096837436
tt0116282,7.808334097024512,-11.567664426619897
tt0408777,10.288650651049114,-8.66866257325465
tt0320691,1.8055901626800348,8.656718271868511
tt0111161,11.41230326986446,-24.075232543821834
tt0086879,-15.201466423606448,10.039519140692677
tt0103064,15.030185148123852,6.977135652804591
tt0114558,3.377967266203946,-18.01582837087993
tt0053604,4.392668995102844,-8.458890879145862
tt0449088,19.62673170626462,16.980704384339784
tt0094812,-17.721102994856327,24.143585960012285
tt0044706,14.169702017271883,-4.480220400977723
tt0034583,-19.396887079626985,-1.893319629043936
tt0101410,-13.591354437124851,9.423327996176983
tt0105265,25.144826683861965,19.768368366212783
tt0181852,15.099929750539854,7.017539226313448
tt0119643,-0.21029224416851686,-4.946849853285308
tt0496806,10.556892036381957,-13.233532938150834
tt0354899,-18.032013449934233,-1.1410307284138255
tt0053221,14.010948478033363,-4.466250869063393
tt0324133,-19.1918253538682,3.404498647417798
tt0038787,24.3026977815559,-15.40807248670706
tt0109254,11.735592515914371,-15.856398148095886
tt0412019,-22.924511166363168,-4.525410138413537
tt0154420,-7.601294135067433,-4.471054616034289
tt0315327,-5.459855817005361,7.432553843319974
tt0087843,9.212755411243602,-17.327560310298146
tt0327554,3.7984329764606244,-15.259327990207918
tt0108399,-23.61843931008114,-6.472108605282303
tt0278504,4.486769349677508,-22.167838492138653
tt0327056,-17.12836965701793,-9.882600658402318
tt0417148,17.700417274452523,-15.958074684649652
tt0107290,10.120347766694104,19.762657115880934
tt0119567,10.529187245566222,19.735937198934586
tt0163025,10.677173833153132,19.795351844227667
tt0141369,12.270058173694753,7.379643544236411
tt0175880,12.32319272606271,31.05972831407707
tt0064116,13.953483435228764,-0.3284361367739811
tt0067140,15.987678197892075,-5.349910999142952
tt0301357,33.55441690990724,-6.610062021328012
tt0102536,6.740811597061788,-4.0063131420349505
tt0404030,33.11000523392219,-4.270792487758568
tt0067185,-18.051366084178976,-5.894952820548033
tt0120663,-21.99522585844907,-2.0552862159556216
tt0047478,20.589906535924936,3.7268030881873404
tt0078748,15.306385890452905,14.744591061413692
tt0458352,-24.310542953299986,3.2334788827907888
tt0347048,-12.714685634366273,5.81829418560811
tt0103776,5.931626246078545,13.235174316766544
tt0087800,-2.6588013879962915,-6.931847714791517
tt0093822,-12.051447678622699,-22.354004141708785
tt0100150,-17.454378281026013,-0.623265291220647
tt0095953,-13.596411065728576,20.538748824399672
tt0048728,6.43450251858996,-11.728156433778397
tt0082096,29.778263557177738,-1.1044020927094784
tt0454848,11.798777405932492,-13.152014439279581
tt0050083,1.4131877749605188,-24.956786078105303
tt0058461,16.04049058825597,-2.674303677054351
tt0241303,-18.80295184111618,5.201744323072901
tt0378194,15.065847438529897,-21.702345847748507
tt0370263,14.6983787796136,16.0418543711535
tt0061184,-20.28258532285996,-12.779798811514565
tt0113117,-18.11347196594338,-2.1519866097007134
tt0379725,-13.961049101301375,11.014192874390453
tt0114660,12.949597740521096,-10.011139001230365
tt0333766,-12.15351129405952,-1.359201238310825
tt0103772,2.470909791014378,-20.501284983286666
tt0097239,-16.660824485504225,-7.525429081093422
tt0166896,-7.1176179049616835,2.3652868918860546
tt0047528,-12.012803074756839,13.54342299296552
tt0113247,1.9050450252809665,-2.2244096185726683
tt0029583,-3.2011682874607716,15.402260912767678
tt0116209,30.42023756026869,-5.183984609101342
tt0363771,-2.8622382782269433,19.081560032080535
tt0112462,6.09552167607631,12.955664152509101
tt0118688,5.935062319537535,13.240335309313439
tt0362270,18.73651276691846,21.856777088657875
tt0056801,-13.05025194829599,9.495359380389257
tt0253474,32.37109499701105,-4.040608137671725
tt0108052,32.3192240137509,-3.8838151612978646
tt0268380,8.889888115097312,21.24482773334688
tt0052357,2.6489604068262573,-20.16992007326745
tt0060196,17.548567404465754,-3.6411150048771703
tt0123755,5.686095407268677,7.123679350722193
tt0058331,-12.430182017668805,-3.8611439610379907
tt0319262,16.921428604518425,17.5818899352034
tt0390221,-17.96405632745986,-21.82029430219145
tt0285492,26.80711069200117,22.68584349775018
tt0377713,26.8152335112551,22.697484988806686
tt0053779,-21.474183809340886,-0.10524407603784207
tt0758730,12.486808896266721,14.608348757616884
tt0387898,-10.773400094519795,-19.536026694639638
tt0113627,-12.085219912141469,8.62400315468656
tt0154421,-23.59645502607429,-23.338981177603582
tt0268978,-5.795599809603225,6.166556254607706
tt0117509,-16.056326838072348,6.044814413640976
tt0286499,-20.424146453358887,24.256953869039354
tt0195685,-3.291768483943272,-27.525855059323117
tt0242527,4.825512603832961,8.959030679400945
tt0102494,-15.216915223287117,5.325356453944314
tt0088184,-16.105464232814594,16.04137403045741
tt0315733,-17.95695546864456,-9.953900890976746
tt0138704,-6.907944221691942,7.999071245318564
tt0061418,12.629176854322852,-6.31771222838263
tt0097240,11.363554286825618,-6.612599868153687
tt0162650,6.323523228532324,-19.505811334202317
tt0100935,3.8933767618611554,-9.942873096087586
tt0043265,28.221287454348325,0.9700415026194722
tt0119217,-18.60206532308937,18.85213283010387
tt0050976,3.8915051731064563,4.728568945293287
tt0120601,-0.9139727252198308,5.186103197487832
tt0443453,34.00677174036221,9.092494005381562
tt0120689,-0.5284833062675819,-3.8065940706676105
tt0105236,12.508197599061287,-11.093634303287
tt0427312,32.73477546608888,10.448921376238852
tt0409182,18.040574848688625,22.796158831182435
tt0340855,-0.724611954402312,-15.456507256730356
tt0058329,5.350897448667584,-10.296480833302189
tt0314331,-31.397616239576223,-4.652443476154232
tt0125439,-20.52400617239488,2.002159544644103
tt0073486,-0.8735739109477269,-3.10428296621917
tt0457513,-22.476533069346214,-11.473642949045082
tt0046912,-2.0015073150434977,-20.30302545157439
tt0109707,-12.406699772089759,10.508784352764263
tt0112641,10.384189377963187,-15.045556933544535
tt0080455,11.910259377239587,-28.940343766274772
tt0089457,0.3774041948651286,9.196765510098585
tt0110729,-20.84857933618737,-9.922888569935624
tt0312004,3.4506788641300425,19.418869220623783
tt0438488,15.167652539674192,7.348804548937506
tt0085549,-24.27013406434077,11.376935101763676
tt0054215,-4.0202431737827,-4.863484229583518
tt0129387,-32.63049761526214,4.705771007619363
tt0407265,-27.206317676460465,-9.190961358388058
tt0119314,-12.736664018909792,4.739896306229039
tt0042876,21.836079140042248,4.720804902760891
tt0137523,3.5204324193835066,-5.745099481555165
tt0069113,17.95196316994224,22.662037970765304
tt0276919,-9.984380381287913,-10.068377641281012
tt0145487,5.733634003455364,15.217798003532458
tt0316654,5.849188066903289,15.17041538350865
tt0413300,6.247977249215838,15.15109986722791
tt0360486,0.6509377609181559,-12.819180377527447
tt0095016,19.425129761715798,-15.762002278063347
tt0120201,16.532001022887552,8.793245334805688
tt0120616,23.157680911958575,6.32895527296112
tt0298130,-3.1534949303323234,-12.329491517983477
tt0047396,0.7160807957741476,-14.316961217477486
tt0112384,21.871278907296777,17.345435461292688
tt0056869,5.5253996600162365,24.619744249150394
tt0068611,2.5060243672206326,-19.124746748909583
tt0049470,-4.619217905148276,-5.009105323285004
tt0250258,33.02449245382921,7.066685000194167
tt0065214,12.750239043528598,-11.52552905250683
tt0114681,25.737811666768785,-16.4288404443936
tt0073195,15.433227364814957,23.840161015969525
tt0077766,15.386810397895102,24.01383905827719
tt0093300,15.409001527210977,23.771503681272787
tt0099348,21.891532712042487,-2.757832236333778
tt0405094,32.89912321156613,-6.554291483137303
tt0079470,-6.05474604491862,8.084535000232961
tt0322259,13.324028936587874,-16.041576592232982
tt0198781,-1.8168886800251487,-3.853545547490204
tt0120885,28.930667942940374,-16.925075790150075
tt0319061,-15.038949854896293,14.738619689619407
tt0384537,-10.745429719387449,-11.523131889380046
tt0274558,-18.263946950337974,-9.666602569749863
tt0382625,10.574271192638065,2.9143242111963596
tt0071360,4.820713973706889,-18.50662939920682
tt0069293,15.476673417752451,16.32632913810369
tt0362227,32.93269666264347,-12.788949485337367
tt0056592,-2.125969732389682,10.772337633859555
tt0032551,-15.500907443116912,-15.994254343914607
tt0120338,-15.9575211735474,10.293528579623086
tt0317248,-8.796360042456088,4.470822224509858
tt0043014,-12.887088310850368,8.658090108665847
tt0093058,27.17230563946964,-4.678252227283541
tt0083866,13.565319070291466,13.778737074815638
tt0116629,19.249532913143035,14.982007013355888
tt0133093,16.849137646049822,4.648424893176914
tt0234215,16.927894412021477,5.2070531668348865
tt0242653,16.949438543689343,5.233786950292746
tt0089755,35.273712118030225,6.043231098754001
tt0119654,21.0533655377167,-7.890974037210496
tt0120912,20.245891674445485,12.673552894207077
tt0084516,-7.510376114847731,-9.153037881007887
tt0408306,29.324458025733797,-10.859581391141317
tt0363163,30.9009151936626,-1.759210498365599
tt0050986,-19.36254044716741,-6.980342689263544
tt0335345,28.433443747700306,8.866660016500324
tt0325710,19.91944365711958,3.813395037111495
tt0120890,-31.14937808456471,9.760893346382668
tt0103855,20.607860332840723,-14.338891748908493
tt0087332,5.940359571962269,0.20448165486366177
tt0077631,-30.741470590750936,2.98080117784386
tt0142688,8.238268523317204,-5.180290413450162
tt0095159,10.615402790630021,-9.914590308326934
tt0064276,11.530747070291133,-3.7028907232025148
tt0087553,26.912011498309436,-3.503987212783334
tt0117951,-20.713722261803877,7.83172718599587
tt0110148,1.1297675017226032,7.048705834048078
tt0114814,11.703025247707806,-13.415262888641939
tt0032138,-2.282081318415863,18.194798644294725
tt0018455,-8.144093902129256,-20.106020410123342
tt0046359,29.754683527940166,-4.269127311884327
tt0243155,-28.799551684838395,-9.500005178656616
tt0092563,5.130534625779877,-17.802156090273808
tt0066434,14.022978077075502,4.814510041860041
tt0118799,33.76764098071276,-4.928947972947052
tt0116922,-0.48594138728256586,-18.092928201528668
tt0098635,-27.350823292613068,-2.0377954008906687
tt0264464,9.42001853825972,-13.927074193608002
tt0180093,-9.584965255841553,5.690582872703855
tt0064115,14.445506387473149,-3.9991398298452143
tt0015648,31.361656844733474,7.976736320250969
tt0212720,11.821673314014799,8.45258128822406
tt0055928,19.8259330451279,-10.129743256074992
tt0385700,11.512566930357956,17.89177055329895
tt0061395,-17.778159975545293,5.076480820262887
tt0101507,-3.969399065912147,-32.02585216182417
tt0066026,25.66031795732414,-3.000278315573541
tt0332452,24.376132378026476,7.909155889492323
tt0013442,-0.7170058881796759,6.905154303407947
tt0047296,11.22172799394599,-9.051309650643052
tt0087884,-6.327392472876848,-2.0084963685860777
tt0057076,19.88350412003697,-10.765820346908976
tt0058150,20.216357261716784,-9.946371658227612
tt0059800,20.66963873769591,-10.417245588087038
tt0890870,8.818854926026988,-29.098404647894732
tt0117998,8.942443159855333,0.8429066900717951
tt0052618,27.489996571715704,8.70448652537948
tt0140888,-10.98199421361699,0.5276052285854222
tt0062512,20.24030412556335,-10.555469512759428
tt0064757,19.15464578135776,-10.65921509684047
tt0364569,12.059745443496695,-24.108860418434478
tt0241527,-1.1473910091120914,12.563231494772623
tt0295297,4.06768275658999,28.194723302287493
tt0304141,3.930797475191787,28.26208430120833
tt0330373,3.953096912447949,28.371251567324965
tt0373889,4.04427284767836,28.329296998539508
tt0213149,27.099192848915926,-0.8777044698793739
tt0039689,-4.239570718717704,-1.7743575690866482
tt0090605,15.127521241524624,14.390961112149192
tt0110912,12.32448127483757,-6.544083414487324
tt0066995,19.065350153196746,-11.06879768269287
tt0071807,19.324057789591237,-10.74732322898199
tt0118884,20.61196689595427,15.88376206689314
tt0112818,4.611396630941089,-25.75058512901484
tt0112579,-22.43947241281131,-19.255041356077935
tt0076752,21.19102133949508,-10.566489739915403
tt0290002,-27.73071931036008,-7.96914250525907
tt0081505,-8.714583736996545,-7.620654032153557
tt0108122,-13.368772787026504,4.585650796545977
tt0079522,-22.799336473762377,0.38695771449070826
tt0079574,19.607002331227065,-10.330060048104666
tt0082398,21.004481570108837,-10.696990324140685
tt0086034,19.81153998046407,-11.079808286550291
tt0044081,-13.89778356939906,-9.835648265839264
tt0075686,-23.456749258982065,2.015170106724139
tt0058182,-17.96414395952532,13.60823833817738
tt0042192,-15.999678616137714,6.530555520456186
tt0090264,20.9450720118816,-10.803755920480471
tt0093428,19.992608096841128,-10.935994213140907
tt0097742,19.357329485944472,-11.270567992573532
tt0113189,20.079412793797108,-10.296320398531254
tt0181536,-25.972927982956225,15.738347771089597
tt0109831,-18.90861278128422,1.1780454276017132
tt0107822,-20.66812797381352,-9.360666078582069
tt0120347,20.379701664488618,-10.132411992281606
tt0092099,23.325227656567233,-2.501098637903166
tt0167404,-5.305421935198173,-0.9459944655905645
tt0093389,22.675404094629663,0.957979861926136
tt0365748,-9.528857167292312,20.54095996047364
tt0434409,20.152791102774472,-6.868476048130102
tt0119094,20.856643044119885,-17.616664421150958
tt0116367,11.78112458828335,-4.7344248058204625
tt0032455,1.7809146690456354,26.771402109885376
tt0045810,-22.97710189193159,-6.060312617532995
tt0071853,12.601678573351712,2.1724443636269406
tt0103873,3.7962513184089697,8.143075757208535
tt0083907,3.369928010459438,0.8684064000612397
tt0092991,3.3724744361464523,2.5138786151811288
tt0106308,3.3661854609872015,2.738922059580425
tt0417741,4.138301762881068,28.144265123894957
tt0120681,3.437584336308556,-16.833793468949843
tt0099685,15.999996338283113,-23.099729784378596
tt0031381,30.324315832763702,2.1815131503621403
tt0099785,-5.876863782857977,-4.147428855865832
tt0104431,-5.869376684334895,-4.113554394945589
tt0449059,-32.46768020614405,-12.434385851479815
tt0031885,-0.6186047444876902,-23.991196569315417
tt0028950,30.217293268647797,-3.238992072981603
tt0019254,28.667496069736174,7.324408910598726
tt0119177,11.609838438965332,10.89034184224465
tt0083987,29.53908926415765,5.07343722546503
tt0181875,-18.554119125641748,12.913589831065362
tt0356910,10.564196870558819,-3.472071572802581
tt0107614,-14.11083091473191,-0.11124695674098102
tt0080749,8.964673242576218,2.106309451249384
tt0432291,9.168813198402706,2.298288293073528
tt0091763,26.468270182997003,-5.13533548927706
tt0090756,-0.6035020653991754,-17.8031994400382
tt0075005,-5.072126847392113,-4.9876774824185635
tt0120632,-5.073197124851436,4.7400893966194335
tt0139134,-31.709866410454772,8.54965483488939
tt0060827,-15.175456144819172,-7.638083318812825
tt0093105,26.246514377636583,-3.481137136845323
tt0056193,-20.62869905567881,-2.897868688486077
tt0046250,-22.892681248459642,-12.724509592625074
tt0063522,-18.19268685640951,-14.159190490846765
tt0466909,-4.867865228006623,-5.105561452049802
tt0114369,2.731335051442893,-18.212256324530706
tt0126029,-3.1507027154450404,25.13831277048158
tt0298148,-3.2971812175240642,25.205417851645905
tt0413267,-3.3052772921269895,25.23332663745933
tt0067756,17.740563025445855,14.400673740377933
tt0103639,-3.8836674513124865,17.526546103529476
tt0080339,-10.162078568419965,13.496791796288813
tt0082010,3.057633264852933,8.667782499609098
tt0118655,6.050064243962376,16.922268420424285
tt0145660,6.073138127643085,16.925367949310864
tt0295178,6.127960826285409,16.931363976583853
tt0117665,9.735794642843876,-15.948527874684583
tt0102138,25.799637636664944,-21.51088911881513
tt0055031,2.14710923799786,-27.575970225811847
tt0203009,-18.593141625063346,7.040114995631918
tt0050212,28.780662455364986,-2.0193270180508187
tt0046911,-2.0557845237812695,-12.471174820417676
tt0043456,15.39943987892959,11.70039188343948
tt0071315,6.272924585322305,-23.73801380687712
tt0049223,17.971464282513352,15.031628545251454
tt0022100,3.9995771611667124,-17.559281145453497
tt0401855,1.8734269455857342,8.58001910245541
tt0086541,1.1696587851729043,-6.027012735368413
tt0069704,-33.11908753554164,5.790730826891575
tt0075860,15.020121194364213,17.437595564189245
tt0087182,18.072573736076134,12.646015395186154
tt0364961,1.468680000913699,-9.1252922557879
tt0118694,-19.804957724115567,-13.903474395370203
tt0212712,-17.444512880362954,-4.680967316025442
tt0044079,-1.6609498120162824,-20.193715173094045
tt0120902,7.354468419953359,-0.6375882694658295
tt0096446,-2.8949333379011497,14.446705974370557
tt0085811,19.481535529465646,9.651902709515976
tt0085334,-6.616709341019727,23.33536731992868
tt0037558,-18.943470611109444,-5.498982268952445
tt0215750,30.60424647612988,-4.6222717619440905
tt0110475,5.583419579073662,-10.183100939214722
tt0265086,26.89636179074823,-8.52129989526017
tt0096438,2.8907435318335164,-22.22231744926287
tt0120815,28.817633521135964,-2.9067055343806616
tt0108160,-14.310418872196873,0.3306251648624259
tt0094947,-18.100980807631164,-1.64795252328314
tt0086567,11.385245626795138,7.038398422238198
tt0100802,15.636569837811717,5.64753822050247
tt0114709,-2.444302494116208,21.746419958744635
tt0120363,-2.4167628162758676,21.713904835529718
tt0106611,-21.535037365353077,25.488374129516313
tt0093894,24.71268850336063,2.9870780869347477
tt0308644,-4.545135866587713,20.000525352962356
tt0108162,-17.14225668970082,-14.680723802565412
tt0468565,-9.262103546170186,1.528047979203123
tt0133152,13.618352632192694,18.147160672368038
tt0063442,13.69420248918845,17.872458937373843
tt0045152,-16.402625744659698,9.08725301361833
tt0088939,-14.947617479082504,-22.99734515246272
tt0060665,-4.501054463341641,11.803022403515525
tt0023427,12.62345418870075,-21.620895399353323
tt0102057,-4.103885575570999,20.03903316232024
tt0104257,3.114911903508331,-25.05056455498804
tt0379217,-39.209937250774914,3.044361756960928
tt0115964,0.8344579357703398,-5.608630369712211
tt0036868,25.850670548208583,-1.648529760926637
tt0109813,-3.6447548309001307,23.297418419584933
tt0074119,29.923368340589047,-17.125253616094348
tt0101700,0.49490853412476843,-31.493701877627895
tt0060107,30.717186206641312,8.921041080966436
tt0029947,7.865638846774844,21.64223479023593
tt0021749,-12.321555585866586,13.019954691479308
tt0112682,-1.550082541112203,3.260951439981202
tt0061512,11.21521443356393,-25.375452407262284
tt0059113,34.55218577917238,-1.7044297350919895
tt0038355,2.386078804180019,-23.053937623833377
tt0155267,5.6437349723606856,-12.315567977813586
tt0032553,32.16797966008982,-1.9765435950911359
tt0062765,12.428387877032275,-14.980573324560039
tt0317219,-9.133074242194882,27.6332953541138
tt0352248,-14.657687862785309,27.06631922333434
tt0112817,-2.4633525833071857,-1.4067568344994903
tt0077402,6.519435054947246,3.909111011087538
tt0363547,6.436889014089121,4.087129495773322
tt0097216,17.06174645934552,-23.558758905711997
tt0177789,20.169926918156644,14.627549772383128
tt0087363,3.4394845508558505,19.386558125007074
tt0099700,3.816219137440496,18.96404578838519
tt0120685,11.711700547277049,19.392678365660938
tt0069995,-13.709163966453485,-7.762585459098124
tt0048021,9.158922201897724,-12.338463263941007
tt0057012,25.49357978964915,-8.708900969773792
tt0057413,17.41777480373071,-9.57834173299498
tt0059578,15.931852275971563,-4.47135567607778
tt0030341,-17.107540508827626,-3.2956506279675786
tt0093409,6.042465464203166,-21.139545370686395
tt0097733,16.25930747006177,-11.859144221381051
tt0104714,10.448176710780908,-20.596524372187865
tt0122151,15.95396577880858,-11.801135477648863
tt0056172,27.298329293161977,4.469416520966614
tt0077651,-3.2202642889070496,-8.560034395242054
tt0113277,11.344140599815981,-12.566617443370172
tt0438097,9.032505394703549,21.50827859494892
tt0099938,12.70967084165938,-19.386563964412417
tt0351283,4.183749332642945,23.548582030076915
tt0117060,23.366455089438613,-12.535853315880308
tt0120755,23.550661625152202,-11.293707650352134
tt0317919,23.92629701638964,-11.45054257831476
tt0094012,21.119548539119396,13.396358386394473
tt0017925,29.644416125861568,1.337476187986923
tt0015864,14.32687637799076,21.71881638693578
tt0033870,2.133455774606946,-20.868603762189277
tt0054047,16.099378672262052,-2.7376965292426183
tt0054331,25.2198837914568,7.995171796927725
tt0072890,12.228264327556989,-12.122433404063196
tt0050825,30.268903368390472,-0.3223404560329514
tt0051036,-22.871210108333017,-2.1722089233159863
tt0120102,25.889773190891585,3.645505473034946
tt0290673,-7.7177495643046194,-14.862747437926162
tt0032904,-24.19626947481348,-12.01248547424966
tt0056218,26.269879657417988,-4.089270304129568
tt0073341,27.04188314873884,4.964392055068613
tt0066999,7.794563846279375,-23.256963958203833
tt0074486,9.689931519755815,7.783797395194141
tt0078966,27.369309173826647,-18.53961179269979
tt0054997,-16.618338452984027,20.70803838406299
tt0015324,5.436026624694832,-12.437810830040227
tt0069281,-14.698023960062278,-2.970528175319401
tt0067800,-23.391156476071675,-10.693293818188238
tt0031971,13.403903595400633,-0.585408929657894
tt0036775,-2.2262762543802137,-20.978793091963137
tt0166924,-14.121827855766002,7.359173510291389
tt0418455,-3.7871788234232326,-13.906989199732367
tt0110005,-25.436390365204375,6.983224628617912
tt0067116,13.793658507262222,-18.583270723940515
tt0060176,1.1161669918394654,-14.222574312662825
tt0051808,20.673570876369876,3.6755213994600027
tt0137363,-13.29554027897952,-18.90632299194874
tt0118843,-10.32035958992134,-0.7402474468778661
tt0298228,12.584456247374593,26.895009709558234
tt0102685,12.996254782277317,-13.434758404827138
tt0139809,6.189543785218319,-8.969670746805848
tt0084787,14.519112404994647,15.84217792995029
tt0041959,-15.106886495132851,-4.345279495783929
tt0082340,11.401929746748928,-23.2360942875437
tt0460989,26.86969563251152,2.6972162465263474
tt0482571,12.283255308143644,3.9961047695826752
tt0443489,-20.233491151939756,13.38919045865402
tt0449467,-15.640100540142704,-21.301463243428564
tt0436697,-14.427169272988714,-26.65950413933903
tt0134119,3.90880858140224,-9.685224090608035
tt0107943,-15.971916798219821,2.473737561147757
tt0479143,-15.338195782523401,28.697151391923764
tt0343737,0.13146158490192494,2.609900972467414
tt0367959,20.445564618283175,-21.320671085645433
tt0427969,3.211235996033356,-20.376846893307395
tt0259324,-4.0431625070326325,3.2606099986074213
tt0498380,28.03950340975224,-1.018774669258813
tt0468492,9.748526521791337,17.17342408644399
tt0490084,-21.067211969942214,-10.41552886052198
tt0465551,-29.48828443917671,10.423175765227949
tt0420223,6.448691932476744,-2.6352146920226933
tt0398808,-1.4463764599503512,17.830213757979493
tt0421073,7.270290781178153,-20.95126380004356
tt0396555,2.774917249502383,12.913166421445467
tt0453451,-7.411561022449611,20.893387952496404
tt0416449,24.241149406303695,7.701910081990212
tt0448134,17.393946945502304,15.45309186783296
tt0453556,7.666378452439956,18.446732836159224
tt0309987,-26.07043055816168,-16.599322630631672
tt0423866,-8.287977774414543,2.7359058121431565
tt0118689,-7.448906106284399,20.928969561348488
tt0144084,4.628297427552308,-7.527101515520674
tt0120679,-22.608332463872536,-19.548002485798296
tt0254455,-14.586814029421564,-5.583781128945327
tt0285742,-14.674137823536796,-23.36923140949615
tt0075148,-15.154181157543958,28.583882663960743
tt0079817,-14.870820333139333,28.924125909542845
tt0083944,24.23607035911451,-3.482108624383429
tt0089880,24.315567839706485,-3.5407587341582976
tt0095956,24.262689245222177,-3.427719937736708
tt0084602,-15.108503028252365,28.749630392151666
tt0450259,23.036753539428922,-3.9893549570376003
tt0089927,-14.900893796727544,28.866017969673646
tt0100507,-15.389952922313359,28.33404715206576
tt0367027,-25.021461514572323,1.9087031346629684
tt0414993,-6.410197806086945,4.160332983824099
tt0415978,-9.297370018903372,6.968092039936545
tt0120780,12.260957768841617,-13.710251443745383
tt0245574,-31.521720248085494,-0.2759952534928964
tt0072443,35.177219867108725,-1.3455709791641597
tt0079944,14.787646046290307,17.55951870752658
tt0454921,-13.617179418527309,0.3975825705711868
tt0101587,-9.866174396596266,15.935385336630652
tt0450188,-18.296083319674725,7.714729387050585
tt0112760,20.892851633846035,22.558165498476196
tt0098724,-8.438507419301601,-18.543327913198414
tt0457430,-10.3134329658614,-7.482849842326462
tt0407887,13.757151348582932,-17.672113241109454
tt0396171,-18.262253590484057,6.2287979528981925
tt0285823,17.05595115195701,-6.745788627272533
tt0307901,11.585764512784037,-22.779182654227203
tt0310793,32.88111444244625,9.337502192804722
tt0256009,37.63665958674898,-0.06196071942139907
tt0166485,-15.886047512213478,3.5916727653359075
tt0404203,-3.8186850845292577,-23.13908551673017
tt0159097,-15.275214104800503,-11.257105177444805
tt0348150,8.276137721584226,14.200616292892306
tt0052311,16.967888508693786,-14.185198087797446
tt0067128,16.94788625710067,-19.119035324064566
tt0167190,19.384783784246416,7.212087511643168
tt0443543,2.581483558318771,-4.609617366722476
tt0103594,24.831413288017465,18.071665702675656
tt0212346,24.563543777650807,-19.84159876208548
tt0473444,36.20883394834894,-8.00510071436094
tt0320661,22.69237959319084,4.897157688751668
tt0103060,7.729135678651962,18.278281521545484
tt0100758,7.735302820829228,18.586301102927237
tt0108308,7.7529964339205515,18.684407495231365
tt0455590,26.661934595309393,3.110909021979946
tt0446013,20.86632345875277,9.071850031017377
tt0266987,23.11702356908903,-14.10814333485316
tt0264472,1.3370285232888914,-1.1678766835766545
tt0369339,8.09116038500184,-10.556138747641503
tt0103074,1.5243900184989418,-12.531093296670106
tt0151804,10.503936021283547,-7.8666374148469425
tt0421994,-27.711756892002015,-0.8482945226509142
tt0093437,2.549947780724898,5.461864958818549
tt0162346,-30.90782328424855,5.451738875890693
tt0099582,0.012017468661843708,0.8313692257244496
tt0098067,-16.753044037885967,-11.327167124990059
tt0090967,10.246096936269579,-25.19339340944809
tt0283900,-26.04705930243979,-16.75268581038906
tt0463854,8.927195790269968,3.7414733145800527
tt0337978,19.668851848370643,-15.775197221012446
tt0112864,19.38915864774301,-15.815979992497336
tt0099423,19.519724621896767,-15.72754594165528
tt0299658,5.359744084395594,-23.62331065336123
tt0120804,8.09619270485093,4.6330352857394494
tt0318627,7.73313926181225,4.751566151797162
tt0081398,-14.781339132714292,27.308655595119962
tt0472043,15.283252772957413,10.243315426160418
tt0040746,-1.6423683088879593,-24.86360043928127
tt0457939,-31.19632658139619,-4.491319939656175
tt0332379,-27.474010592395988,15.458140098464936
tt0038650,-34.0957720967464,-8.262069145387144
tt0363988,-6.130689270011872,-6.963282357774837
tt0108550,-15.032888331628374,-1.747828262535702
tt0204946,-33.641067659888265,11.568078235605713
tt0117381,1.4292222501239682,-24.852432180791002
tt0477347,6.818895796204295,27.255393509343296
tt0058586,35.651982425792475,-14.070949949674166
tt0212338,-27.711252792153257,-7.889021213751753
tt0101540,5.763853256603946,-28.018828431010963
tt0356721,0.3507554646078035,-21.281237884975333
tt0101765,-18.372469319391154,4.471898980692453
tt0106489,-23.129975008947152,6.443060472970071
tt0227984,7.662128274800394,-7.167987151640437
tt0202677,-6.395825860856189,-21.504806967206115
tt0465494,23.36276024100914,-11.557285283435249
tt0086465,-14.21178815020863,17.29159387573093
tt0119528,2.822876268017146,-7.787423526859263
tt0056663,-17.47924748509682,5.354927911269546
tt0055032,-16.389764082491116,1.8465687870860266
tt0117318,-29.223325906324877,-18.282996079041634
tt0095647,4.360186586198005,-22.107475879799754
tt0101921,-16.258621483369335,-7.718463759355797
tt0106965,4.783956426233307,23.08363456099788
tt0399201,15.0324739674554,8.21691363305145
tt0230030,-5.646198793386868,6.045017347220627
tt0111257,18.6883594726593,-15.7955270587131
tt0120179,18.978557494796114,23.081297528965603
tt0375679,14.533857905955882,-28.191569546913335
tt0141098,-10.874293101029677,15.604795094752376
tt0113957,-9.091382924239415,-23.894267616413075
tt0070849,-19.82616919783796,-2.0476807222477977
tt0117913,0.3804359363920179,-26.41503428300656
tt0463998,-29.571350879605113,13.752815162730348
tt0292506,24.88827072316715,-13.7157936589342
tt0096928,-18.923885865305294,11.925939254738608
tt0101452,4.517810530106872,17.01825538197967
tt0318462,36.31884801418624,0.3421684344739481
tt0061578,30.03892909353815,-3.1103871727708867
tt0386140,17.700971303886867,-5.434809458981996
tt0428803,3.6710823642830546,25.213038932121187
tt0099810,22.507844471274673,-9.967101957198848
tt0350258,-16.79883377886928,11.09949629257478
tt0047034,11.484487441264656,18.484916627402338
tt0444682,-6.901198554116107,-11.195523364618515
tt0065462,13.812699103747693,18.060147764570765
tt0067065,13.572780327214472,17.887361333228302
tt0068408,22.93278880867283,10.20972026916494
tt0450278,4.349832307800881,0.015933433869556934
tt0498353,4.093271920207171,0.00672215132699822
tt0089885,0.06953907727435515,0.9626411675500463
tt0395584,-0.7578418805058138,-8.04015452127574
tt0100157,-5.8048507901048945,1.0097412846422578
tt0118880,24.001230285318712,-6.77256247746617
tt0069768,12.979201148263837,18.30824383787785
tt0112722,0.9289365473221896,-17.571777015305038
tt0049261,13.654833621652205,-2.034649119478167
tt0060390,15.425864148456997,3.3256703487961805
tt0124315,-7.861130897448038,16.514482645340767
tt0238112,26.837104766854367,-0.39207270591235277
tt0800080,7.8279887704029925,15.273302770926145
tt0055614,13.685621840838438,-9.172114738307526
tt0371746,9.946218438929117,15.334426533140189
tt0099141,20.10046129217046,-18.857260250256804
tt0865556,21.020674478567937,1.7370093904866029
tt0460829,-14.316838077015738,7.32380369521401
tt0209163,-1.3677061295290227,13.460048860226388
tt0859163,22.953316023208068,1.4534217577248474
tt0435705,3.0605625073983296,-4.59700987280943
tt0117039,26.85610318604441,2.742182312472349
tt0458339,9.044565612686762,15.395172425651323
tt0486358,-37.19101657267813,9.649349502509036
tt0361596,35.646312053005374,9.307870889824352
tt0098213,34.324947823084386,10.70289779112098
tt0497116,33.82561555067193,10.74047506915342
tt0092593,-17.695000633274965,-23.15494187608009
tt0087277,-36.056319544876395,14.554660381728302
tt0254686,-29.76054016431493,10.660627934623935
tt0338466,-21.019437354849842,14.759348434459056
tt0363589,1.6280260571116365,0.5881087783063059
tt0120879,-17.627977747910624,14.01857632689763
tt0292644,-30.641929928797754,8.624733043160438
tt0118971,5.4160934791870785,-8.564998253562292
tt0183649,7.523690818431229,-17.353110502277463
tt0463034,-24.83390913000456,-5.269537940456069
tt0343660,-14.897943470129057,2.8985336112339533
tt0093692,18.76625030851793,-2.276981619172606
tt0399295,19.96634595550846,-14.922702108370524
tt0120655,18.517439217886025,6.770150773882888
tt0294870,-17.496446314229107,8.682288047303198
tt0137494,5.134596865951715,-11.515371880894177
tt0841044,-20.56984798579706,-1.7816973321211578
tt0070334,2.3629824005967923,-23.032687795803504
tt0125664,-14.33562164767427,12.155566648398954
tt0469641,27.373540640129832,-11.47115622083037
tt0092106,13.057440642260325,10.250135730113234
tt0418279,12.22145834720137,9.875396388867484
tt1298650,21.4421247204453,23.081623585081662
tt0120669,9.054003431354023,-8.32669704913114
tt0061735,-20.44514039366366,-22.05369651104813
tt0087985,28.187137555255834,-2.8023385684681177
tt0104797,32.40644644093605,2.504238853865601
tt0087538,18.929964616904183,2.013281053674729
tt0422720,-5.2752121857201955,12.912782133038927
tt0080684,23.477097948506504,13.312507609888145
tt0086190,23.35667369938706,13.37816677813786
tt0120915,23.43904972672327,13.183698317240262
tt0121765,23.28945709261626,13.179689976145976
tt0121766,23.42663307558332,13.119001642762724
tt0181865,16.923129136219554,-14.193415731721378
tt0385267,-14.246161053511004,0.4840287557729249
tt0125659,-11.69605789706398,2.268493829869005
tt0259711,-11.688698624093316,2.2840779642461637
tt0397535,21.841609264074986,3.8512090984336314
tt0163978,0.05026946723229845,12.538230723775913
tt0053946,29.5677754571182,7.210877215686207
tt0112883,-8.580710502315112,7.948148024736095
tt0120657,20.74437980367854,9.194371721711445
tt0369702,-9.65742991828523,3.2890639240566717
tt0230838,-20.189629455882436,-0.012314715477740563
tt0105665,2.5309494881792483,-17.612085166638153
tt0078346,8.06557338140945,14.267436007622022
tt0286716,7.783881434817453,15.386939344490518
tt0948470,5.7002718509286066,15.222193021399125
tt0230600,-9.654113023221038,-10.035257339538644
tt0138097,-15.864119298399608,6.063637723680215
tt0037008,2.5226159967097193,-20.54186645208582
tt0110638,-13.596875162487827,-8.272473070302357
tt0120907,4.31517033647023,12.079163113913795
tt0350261,-7.240599503453145,1.6757751005334884
tt0479884,15.313451392483941,-9.239805713886327
tt0443706,3.87877992257809,-18.77228593739642
tt0289879,-8.608800240638173,4.4406401552119545
tt0080678,-1.7803663829614178,4.993793333992047
tt0278435,-0.22613887088454188,-9.44183000703748
tt0283832,-4.708698495257746,-10.143191481399885
tt0120787,-16.3799068568034,-0.9854974843673118
tt0346491,24.30651833770252,7.9545921634218795
tt0119141,-25.93915344462671,-9.265971619797858
tt0416496,12.93132274575656,-5.962608336175946
tt0391198,-9.044807254280292,-11.665003659587521
tt0433386,-9.229141498134918,-11.546582574638222
tt0486576,9.06399054087863,12.951534615549923
tt0387131,19.096610716377366,-17.043554788074687
tt0829459,-8.16826514795498,-26.37147578119139
tt0765120,-19.413272905945174,-6.043323245230349
tt0842929,2.1450539814566567,-17.15668148685023
tt1028528,-21.92262552727451,13.655691137455314
tt1077258,2.065778084228403,2.2593138776403134
tt0146316,24.507781628339202,4.687099785740772
tt0325703,24.497973256176863,4.668941293299094
tt0247425,-24.80497961953108,-7.843495803766002
tt0068182,12.23240339862478,22.216694515137483
tt0498399,10.694268325082659,-17.173432380365348
tt0105417,-0.22251866004952162,-18.381058582229432
tt1032846,-25.42890046121763,-19.171165751767948
tt0808417,-18.278994502384034,-16.17439238095482
tt0401383,-13.149683836397424,12.154356852454406
tt0880502,-18.51640076424526,-7.628869076618096
tt0209475,-26.801376593088737,-4.790690338086257
tt0107076,-6.349544856440183,-15.422871451465804
tt0280590,6.548510693864156,-12.55782539838878
tt0317648,12.518665837977757,-0.8668056632700057
tt0187393,27.906375169276206,3.417008794458336
tt0340163,11.51800829996485,-14.211562341968607
tt0098258,-32.669420407615576,7.487922795844963
tt0139654,11.180767536581358,-18.998347544227535
tt0093565,-22.71225011051077,-5.752612977718913
tt0164334,1.720870560343951,-16.63342860844834
tt0410297,-18.556327916590764,-5.304858048846303
tt0219699,-7.0169026759280575,-14.393563497780574
tt0343818,13.345243857917417,7.312102231596029
tt0113862,-26.983648565255162,15.633147621177999
tt0316356,15.014908983273362,-3.662239528995869
tt0340377,-12.653849483418963,1.605532027408245
tt0218922,2.1358898553892085,-8.312148682563812
tt0368891,18.48092730871087,-3.6595835520686193
tt0117407,7.758458750484992,-8.542123079591665
tt0382932,-1.2391327256443048,24.014215322001768
tt0114924,10.065488727552891,-17.717870906836264
tt0183523,17.44994472264664,15.903046573770371
tt0190138,13.577348910430242,-17.24401385970549
tt0458525,10.476294863897785,12.182363058842869
tt0373883,-3.158369516258155,-8.495323953510917
tt0165929,13.77968241049869,-9.311404886520934
tt0113972,-5.180833138382022,-20.792207851772538
tt0091828,16.89458734443097,-18.17003507791123
tt0272020,34.27375568235625,1.9523374176000006
tt0307479,15.467789129587374,16.365849253663793
tt0163651,-32.72855987019598,6.370739065892774
tt0102250,8.400868450459448,-0.11369572646024026
tt0088847,-30.969691334674724,12.827528395346405
tt0120812,16.649171380835696,-16.345700367263454
tt0281364,13.492801775786788,-25.431535357745588
tt0120784,11.667262525963976,-11.354243937234827
tt0173840,14.671125416841525,11.671698459395287
tt0313443,6.592117860965915,-21.901938538127396
tt0426578,32.48219629541525,-5.771286721176411
tt0119488,5.068114587771712,-22.330111228027643
tt0099371,-10.355956584567384,27.513514857411593
tt0327247,-4.403146544129534,-3.8658511457341884
tt0183505,-9.738048240820392,9.317887445981313
tt0177971,17.398273400618844,23.42127489766453
tt0054387,10.92551046609616,9.800257483726206
tt0268695,10.963219960811577,9.765351679855359
tt0271027,16.16288683382186,-16.953563493753276
tt0118887,14.214051307265517,-6.485580307510143
tt0203755,-8.823423460699168,-15.815469880167308
tt0184858,8.388022970837989,-12.644678577291687
tt0120738,17.430920518851117,14.6858618092633
tt0118771,-4.247737703978036,-1.846852986764255
tt0111282,16.154011108403175,14.589946028831923
tt0243655,-10.494851228141853,-3.839812228109493
tt0221218,-12.90203156628001,-6.229410259916911
tt0365830,-19.222973596573,13.130128231678786
tt0795368,0.18318820270987413,-2.6314095404569233
tt0450232,9.06554757939141,-21.427727114456687
tt0250797,-22.15529301037353,-5.021871342165157
tt0765443,-6.008453809557267,-11.747744975025638
tt0985699,31.43044966118008,-2.163067383255277
tt0118842,-27.377761034656157,0.519021312912903
tt0401711,-17.21855319860429,5.5569187034431975
tt0385752,-25.002826828774744,8.59215471768644
tt0409904,15.184223637942173,9.516905920768458
tt0486655,0.011101420200099577,13.04454513240574
tt0144214,3.684651226949005,-23.974184300869343
tt0182789,11.766465544465921,8.659206511040408
tt0094737,-22.197950150502663,9.913040100698687
tt0457419,-7.670092739326279,18.690330342008785
tt0376541,-20.067004564556512,-13.007701345170556
tt0159365,29.927108393532517,2.1370028336273146
tt0099871,-10.628274588276879,3.139819044214168
tt0109445,-10.127092338845546,18.687887778008747
tt0113749,-30.066005993342444,-1.8715432948409432
tt0261392,4.087005982303923,16.866539554069146
tt0424345,3.797112589877338,17.997428307590404
tt0117705,6.254799760818115,18.282768787082137
tt0494238,-6.509462080468807,-15.285682498111687
tt0442933,20.53786488847493,8.98963621154478
tt0460780,17.9735190029674,-0.8775194627623031
tt0387514,-17.673719149722558,2.3992599639519057
tt0116253,24.937666998879905,-10.479489003829409
tt0105435,21.53495381958135,-11.865264629192913
tt0097351,-15.768066940652727,23.423892072799767
tt0152930,9.0286197568982,-10.650842718084922
tt0183869,14.456085716750158,-17.367273269091452
tt0295721,11.142851213120348,-11.736321660415445
tt0804540,13.28490765209051,-25.259510578406108
tt0490204,-16.7668989933108,-9.172913796070763
tt0386032,34.00726264716894,11.103209085755857
tt0070909,11.728609424440743,8.781943956738713
tt0463872,24.67564941744897,9.421285320493284
tt0260991,27.062617200359195,-13.427180389887088
tt0499448,-2.8478546906550797,19.15491399751417
tt0449010,-0.0242160438509007,14.559943785759339
tt0093779,-4.321980225472043,15.917981322509261
tt0258463,20.934462393078046,-13.118408418123861
tt0372183,21.065547283213096,-13.211426997582862
tt0440963,20.98992460908954,-13.145130446932615
tt0408664,-21.9644349193557,-16.178908917752622
tt0371246,-19.941302781596374,-15.844330926778763
tt0099892,3.1332906767920776,-8.734951095472676
tt0338751,-14.633128298483305,11.773331237565653
tt0236784,18.94966075878474,-12.150366341082675
tt0096969,26.93725546631415,-3.68051457385364
tt0091949,12.190894396832528,8.538949156173299
tt0093748,-11.605664546186205,17.033882462337427
tt0093260,21.273561289197296,15.426172794467131
tt0098554,-6.5029721704872605,22.16888296725168
tt0095253,-31.17842529939012,-12.350764478937323
tt0088161,-6.769315168779168,15.66530665967143
tt0084434,27.755414716452666,-5.4586090392783415
tt0111255,14.668589047940586,-21.44203640251762
tt0265349,8.75230765324959,1.8667685771787401
tt0118954,-12.873768139003934,6.832398361570989
tt0097493,-30.34329096165463,12.738094732030925
tt0313737,-22.971773755859022,3.614713643058353
tt0119174,-11.951551857232552,18.805284713955466
tt0424136,-27.05742338824177,5.433433100897644
tt0113409,-4.378479955628017,-11.100205137131793
tt0161081,-6.642292696504603,-12.724647341472885
tt0120789,-26.506754120016403,6.028697458362515
tt0060153,8.808064204552574,12.211412349833514
tt0251736,-0.5754539006944118,-14.343778693583598
tt0083530,19.198892424249888,16.38237783474407
tt0118929,-7.4777852920860655,-16.816732467129913
tt0185937,2.2610943066779114,-0.3592260481459414
tt0162661,4.877906188441636,-17.881217822885475
tt0178868,-3.1124712669390884,-12.451719170005214
tt0286106,-10.443205321346392,-9.358268312507805
tt0413099,-5.137765387456671,7.359258398324143
tt0102511,-0.00591458120681062,3.6523690906724835
tt0179626,11.313222400777455,-17.032448675352295
tt0274309,-18.694300104633264,14.105919297943302
tt0243736,-23.466716490678433,-1.3976689681842576
tt0257360,-15.46096289856648,-2.7160355384082955
tt0096754,19.05629820069384,19.216178459391234
tt0268126,-13.812589484476952,10.62643594044851
tt0106220,-11.832639910664929,-4.230830191981718
tt0109045,-35.360418643370096,-1.7563780040647574
tt0043278,-17.932447866160963,2.6038261454541582
tt0252866,-31.267605518172974,2.7190756992431258
tt0305206,-6.261432717887392,8.399071421663722
tt0256524,3.985572636601788,-7.901511904098186
tt0059592,1.8238878525235862,17.103206406758623
tt0134847,19.646724292425088,11.375912083737393
tt0110950,-30.226423940209365,1.7044901353591515
tt0296572,19.75659598570095,11.174082851155402
tt0398375,-25.181344677112865,-7.598159642399739
tt0270980,-14.60516363560989,-1.3415363772748639
tt0309698,4.7698034722000875,-2.6112974806100175
tt0344510,28.439364509596725,2.245590693423445
tt0119822,-22.089840287601472,0.47989678556570886
tt0250223,24.86577317004959,9.245778542429765
tt0138304,-26.93888952620027,-10.335645584308397
tt0101272,-6.968493011036166,-4.4433385091886475
tt0101393,13.97496397726091,-8.270505230074438
tt0116313,-30.980384609694358,-1.6846723640075754
tt0117038,-0.4315892018642266,-20.333595962800484
tt0762114,-27.336528834752247,-5.17501678640456
tt0427327,-24.68798286473078,11.889679877638406
tt0416508,-16.24139215537503,4.0377418917333445
tt0097428,6.005652871728662,0.016794031911268006
tt0450385,0.5742775650451892,-3.8914817517205806
tt0120684,-1.9473934184003878,5.819001700077074
tt0072431,-1.7005977701780983,4.933185274988707
tt0021884,-1.3778237608406365,5.13571754967733
tt0109836,-1.545548704169444,5.179391551705529
tt0403358,3.0889774189397574,6.477869716218549
tt0109040,-0.31508048863912996,28.423837280007785
tt0118998,0.7921453656324225,18.87632345295773
tt0061655,0.47085799537178497,6.7172979855644215
tt0023969,27.44533744114313,10.814095495976467
tt0025316,-22.66511892814209,-12.806556021998947
tt0027977,-11.585631983805632,-0.2353394058657981
tt0031679,32.39271669754063,1.4450767491068708
tt0032599,-24.159904664303244,-11.919229411280584
tt0040724,13.407014771915355,-2.275303772564644
tt0040897,17.502192225874147,-3.257676710700284
tt0430912,1.4627658489365787,-16.77210161215754
tt0045061,-16.65986102527659,-16.533943192213638
tt0046303,15.203830600677941,-3.368659803939653
tt0048424,11.89791251292499,-2.8350845813579078
tt0049730,22.198439240750773,-3.3989780721321643
tt0064665,5.346655498430138,-9.563413796919003
tt0217505,15.29926119146438,-4.733306554540858
tt0280486,23.904038746158502,-13.6118316557742
tt0069762,-1.3709434705652042,-13.510745766658754
tt0034492,-3.2195863650278307,16.7275440071218
tt0219965,5.299693617028798,-11.456046500130697
tt0072684,12.511738655256313,0.21715149194241373
tt0266308,19.299085929703093,3.6615725916505233
tt0115641,7.2997657905683555,-3.4465859916056796
tt0433383,27.648256543996425,-16.688633223049344
tt0780571,3.196275171678058,-6.597290431520001
tt0301199,-13.53549531126633,-21.878907142106314
tt0411061,-1.0879161854639507,0.4081450780659182
tt0405296,11.609380614920813,-20.062087676285046
tt0114781,24.473819532517087,-8.819433281638927
tt0096463,-23.33547097841357,3.617661515798262
tt0025878,0.4108058737263017,-21.25473811370196
tt0141926,29.66150512696239,-1.357246931565402
tt0457655,-7.3149428128921254,-1.0062629703790718
tt0172493,-18.140953150157628,-6.870865423600909
tt0762107,-26.725536994800972,19.655672807629948
tt0116191,-16.476852214832423,3.203498809622289
tt0824747,-11.851478191706708,-15.268172300890976
tt0481369,3.378695845907662,-16.90748019770941
tt0117438,9.208737677217343,-14.66718586802132
tt0119345,-1.785565652040473,-10.731531576081803
tt0130018,-1.7439030625644198,-9.085390973532137
tt0779982,8.670426583849988,7.984489409082745
tt0080745,19.137868837801378,9.080291897013856
tt0335119,-14.012346592995256,5.428266069394105
tt0481141,-23.617143217212348,-2.8386843413861134
tt0120577,-21.672240323275332,13.637297787814358
tt0418689,27.962561002478576,-1.241524826438322
tt0040525,-16.92806872235264,-1.1813900035454852
tt0038559,-17.16018935188081,-1.4003862556634632
tt0050613,21.12533058751526,4.462441486829425
tt0044741,-3.1687571781800967,1.0789472585375706
tt0101912,-22.488042763376328,1.869971088023952
tt0469623,-16.56602220877083,-9.111517447801841
tt0368794,-16.001704524348135,12.692143847233908
tt0121164,-3.496871873478769,13.186888877294619
tt0090887,12.421120110173913,14.676203271300988
tt0207201,-21.4924938135454,3.805356873835501
tt0372588,22.742943641802153,-8.61599392851017
tt0094721,-5.505251732053352,-7.706252857959229
tt0247199,29.848418506623805,-14.146873084226508
tt0102492,-15.289849090372055,-7.437631832424651
tt0106387,-18.32208104355311,0.662536962187734
tt0096933,12.87478898851958,-17.59826329180803
tt0293662,15.90651432962564,-15.357042733236721
tt0221027,9.16456701670963,-6.979503692145586
tt0465602,15.081487676093474,-2.0077274686661806
tt0257044,15.549198324087802,-18.724844384957724
tt0959337,-20.05488548276437,-14.686568999384384
tt0401997,22.92788543433732,-15.78495734940621
tt0038109,-2.673976722110278,-15.498524451818916
tt0071877,1.1440469222201672,-22.277597845943447
tt0077413,1.1821846903553639,-22.163483417648806
tt0095675,-4.428812455911801,-24.873609662195385
tt0117571,-2.0153460384074564,-7.4848441335498785
tt0120082,-3.3946854853487376,-10.097577868130411
tt0134084,-3.2838030273867647,-10.085412722676532
tt0219854,-7.465544144643793,9.441522917448465
tt0175142,-1.9833462150396188,-7.296622446275193
tt0257106,-4.02846858957647,-6.76485668601605
tt0420332,28.229136355537527,14.884213206303576
tt0347304,-34.636285894363745,2.713477538615579
tt0306047,6.130794666690947,-1.059910764321167
tt0362120,-5.868110493430525,-11.137010186581616
tt0795461,-7.930061279279195,-9.632312372842087
tt0160127,1.1059105969732945,-20.95118517876139
tt0783233,-26.64505290537153,6.985816842398659
tt0414387,-15.965212565780572,3.586683912487989
tt0431197,25.571710882250215,-12.160003480819087
tt0369735,-21.083025494249732,-6.7320654141049
tt0358135,-23.81094165223911,13.945039440902178
tt0476964,-8.668375777705508,-14.901236744414971
tt0119683,13.432061785594543,-25.72786440913179
tt0119173,31.706074047409125,-11.451482782881717
tt0086837,16.386208208295134,15.508995636973028
tt0424880,-19.915954752356104,7.25174821558807
tt0355295,-1.0595042080958197,16.396770497810714
tt0329575,29.781394807025155,16.438383860373335
tt0465624,-27.188122382859746,0.690572095291582
tt0110322,16.850699180177372,0.8724766760349953
tt0118972,15.195411963965945,-18.54306972877574
tt0107211,-23.884299549902625,-6.939581450317139
tt0080761,-1.5599281699997096,-5.3378008554946845
tt0443680,13.615563828116057,-7.365589331070063
tt0389722,2.934704457320787,5.50400388713298
tt0891527,29.93289541747425,-9.320615242506559
tt0414055,-5.18310676610256,12.610522798471802
tt0127536,-5.3971512682103695,12.428888868704112
tt0857265,-15.579232769625868,-3.3927380428304836
tt0461770,-5.175126701974397,16.01274215300372
tt0838221,-9.500613970778684,15.420940469375164
tt0085959,-3.375601029932429,4.951444513489632
tt0258000,-6.125950492784231,-10.343255400413375
tt0451094,0.6705101651427275,-15.584498940093546
tt0377471,-11.341618436525419,11.115381796475925
tt0365376,-11.238100654774833,-10.960485992338901
tt0361862,14.600478404276231,8.903746983940511
tt1000774,-22.588441592430865,-1.0114560554088436
tt0465538,-0.26645640095990253,-27.671150941056926
tt0114388,-15.29881518154463,-8.564494327195852
tt0100140,-26.614036689299486,3.8933273648685023
tt0808357,23.97041541403773,-15.030268078268357
tt0068361,-17.603463878291105,6.132895414214248
tt0913354,13.208997911699322,-12.128206343817322
tt0350028,-23.994911070374734,4.0453078613421525
tt0164184,24.495063467954274,-12.744471465638462
tt0425112,-3.3239808165095486,-0.9368016992165984
tt0406816,-26.16392354204888,17.894147714889254
tt0445922,-11.429741979629412,3.1248010565460373
tt0310775,-13.424882630877963,-16.215565727447256
tt0405336,10.252942947207401,-6.190796173061098
tt0452623,-0.6844018749500443,-16.44267224548218
tt0795493,12.2245275234212,-8.710013313428446
tt0163187,-22.133863773010404,-1.1970049747732951
tt0056923,-6.3347548989704485,-26.922336905941783
tt0165798,16.535672343164915,-8.362179463353897
tt0119395,19.98671515735734,-17.415868907620506
tt0375912,8.137143229643614,-7.981830272795997
tt0427392,9.455566908666182,4.933053148054988
tt0069947,20.00111951173991,-17.499099973683595
tt0270288,26.52289676233896,-17.618276965641996
tt0421715,-15.510930649742772,8.652192213555635
tt0061747,15.277624756359533,-4.042579010658955
tt0347149,-4.702589585067903,14.445064489587182
tt0379865,-20.59045679132534,21.396719959370863
tt0887883,7.292392174552962,-5.692801427932371
tt0147800,-29.35298608369294,7.50659196439487
tt0799934,1.8197119703202835,-5.143820639455741
tt0146984,-18.43744759317805,20.616282784637058
tt0963178,17.2940404488553,-13.175111366199587
tt0383028,-13.780667907476799,9.277066371378435
tt0119675,8.340403026224454,7.579024408003735
tt0478311,-26.704497454943354,-11.0030349767357
tt0171433,-24.98615705224536,1.2006329675951337
tt0348836,-2.7933702784926506,-15.786691173727124
tt0851578,-7.626636018241626,-22.429162065239414
tt0090633,-0.11013066439496523,23.35826447691835
tt0765429,9.262749212763069,-7.097566790472331
tt0118749,-18.64085190694542,9.84521675372069
tt0497465,-17.945068751991677,2.1497323534837363
tt0464196,4.271135360083016,0.830389968150527
tt0426931,-10.632398978554104,0.63154830856783
tt0804522,22.41700558973983,-13.32986840779768
tt0346156,13.689516058935697,9.766401897880435
tt0091167,-31.494235841852287,-8.580459879367988
tt0040522,6.852124994427645,-10.456469241734403
tt0053619,-14.300559933916157,-7.012435326306994
tt0293564,16.77329940965601,-16.290039819949616
tt0266915,16.790361899162964,-16.2834555972258
tt0381849,16.25518646819547,-3.89548448266826
tt0373469,5.809951454369713,-12.605509901516507
tt0338348,0.8086496304535664,13.299236876992127
tt0280707,-0.4715764177068676,-23.711399137501694
tt0402910,11.886911220543015,-12.716879522457203
tt0073650,38.74273262343874,-2.810623843072597
tt0486583,-34.18354408608258,-6.818762227612243
tt0185183,15.66369374851541,12.75370381481199
tt0106977,-1.5450617232632606,-22.10897389457492
tt0048281,3.5686191998193424,-12.041940176025939
tt0062229,17.076483259012658,-8.225892042623805
tt0335245,3.5674686032009673,-12.10990272033595
tt0372824,-29.394431560013455,13.971602992701222
tt0052893,-18.326670654237724,4.3189006505538625
tt0093870,13.649818683499106,7.871202128447886
tt0100502,13.79654244843142,7.876065468880069
tt0107978,13.785266343432646,7.915214163170592
tt0186566,22.060333392854893,16.99104136343646
tt0389790,-9.10007874477601,17.450003158272576
tt0089791,-1.2595878002783418,20.39591427193592
tt0080453,13.3477882465864,23.507851729153035
tt0091217,-22.031799829753467,24.001696759497644
tt0421082,-17.352529086443027,13.220233801917452
tt0907657,-19.451081332955656,9.426195925852177
tt0443632,22.733567485943766,-16.897391613303895
tt0097958,-32.9995031229229,-9.729212198419013
tt0284490,13.440836993206442,-20.13782803786317
tt0897361,-2.132641941679966,-15.313089068357767
tt0884328,8.239459725710468,0.8136065578730814
tt0075784,29.203015255285983,-2.2075705682639226
tt0119250,11.072035956568744,-21.399577363892845
tt0758758,-23.70265757369799,19.552064812059587
tt0068638,-2.818595652756163,-22.69302019946334
tt0072308,29.008057873800055,19.53175139244273
tt0070511,10.003617944362938,-24.511542548319298
tt0057115,30.71855118191789,-2.8084691341765184
tt0866437,-35.408182296740115,0.5400011646913423
tt0237572,7.815055520201551,-21.784483280245908
tt0083922,-15.869618241590722,-9.965583926107161
tt0343135,-8.32270315744792,8.945242257363896
tt0218967,-23.969778635556267,-2.904925254579216
tt0063518,-16.132389313738514,6.046555136516852
tt0431308,-8.766801971730313,-17.085396424571226
tt0074937,-0.2903624133034484,-23.334705936842003
tt0300471,22.80580418263982,-0.5747214024196353
tt0120828,16.179619484669082,21.73258747278477
tt0094332,-9.242215240179517,-20.01722539094965
tt0236493,14.979546622308574,-5.893837611535219
tt0106519,8.899394658417485,-16.950257363306946
tt0103874,0.15660390454384454,7.405851121414392
tt0120185,-11.249452133007203,11.792963344634675
tt0488120,1.5403694957317193,-24.843149409254888
tt0285531,8.00537319364226,10.077830643838642
tt0253556,4.358095130600437,5.8992190466126635
tt0108147,-32.5707198709029,13.31000467362405
tt0110216,-0.9209562890887821,2.651361399172188
tt0200550,-24.71856792120872,5.775975240706026
tt0119715,-0.27015870988199403,23.475436347690437
tt0237534,3.806809299150268,7.390440087883147
tt0133189,-34.36285206382037,5.368550239256902
tt0079641,-0.0394236781487541,7.314696047800186
tt0120188,24.635433245491477,-5.467875888778399
tt0120791,-8.597911404521415,-9.254850281469599
tt0120824,-16.353593625031365,-16.591403081414047
tt0329101,-2.3343454843426477,-6.5369102195186075
tt0079367,-21.43152784462155,17.82422235035225
tt0952640,-2.2325253997187575,27.088495064503856
tt0480249,10.040960461310943,4.945096058567887
tt0099052,8.053483821048959,7.492075569756286
tt0377818,12.150638210124637,-4.695233488431926
tt0113071,-6.087408769925721,12.430628743293115
tt0123964,9.901777671916168,-24.503957326717675
tt0464141,-13.182974176522896,-13.054621174895987
tt0472062,30.435177149199184,-8.383130004777716
tt0138510,-22.94168054031676,9.30368359393856
tt0988595,-24.59723149853916,-9.42574187173756
tt0841046,-17.39095114793082,10.638735183425974
tt0805564,-27.42729336630542,3.095769861374438
tt0047437,-14.292057269473144,1.4958773174685571
tt0119874,24.66015681585602,-8.569668007112332
tt0465234,18.631316452914476,-3.7641600519049225
tt0800241,0.32925468552978726,-22.306530382341528
tt0482088,-16.620278059815,18.551377174356848
tt0100514,11.227831014380223,-18.802939089026914
tt0406375,2.516505624431256,11.547959658752715
tt0049833,26.816291747389826,9.664411345274203
tt0427229,-23.955094303362362,-0.7161899608233648
tt0107131,2.1537540333936063,25.363786420326406
tt0479968,-8.077119383853823,-16.944069059213785
tt0368447,1.810685151838956,-15.101736819662845
tt0114069,9.290949726940756,4.073692161223634
tt0098536,3.382799579933084,-17.445891981122017
tt0405422,-23.787282183796215,-0.6430532856780181
tt0372532,-26.475885794881467,-5.125465095480604
tt0384680,-14.87821469737414,-0.3864738154157961
tt0337741,-20.726580823879605,-4.280964571979854
tt0765432,32.14536889795805,-1.4867518672900588
tt0455824,11.096438681065399,-0.9962638315952742
tt0478134,7.813186126123076,-20.440968799494662
tt0477348,13.899622765262214,-5.666248232905363
tt0090728,-7.224386533777444,7.078667721792213
tt0107969,3.568511503890636,-21.030514409219457
tt0209077,-22.718753998878586,10.784174236328408
tt0116669,-28.26476489363054,12.196915779215141
tt0338526,0.24218447650585165,7.638077057805983
tt0457433,1.1297718438713764,-18.799539776817728
tt1060277,3.139625620902748,32.5121711224743
tt0480242,-22.826270093196733,-2.1862731702719684
tt0393162,-22.95962983142661,24.04188689014234
tt0080057,5.767189467385652,3.163831459995318
tt0330793,18.284607571642113,-20.843480504061976
tt0310203,12.679908314538528,-5.014512405128357
tt0325805,-14.23741314667219,-2.1219172367678603
tt1073498,2.5434097693757636,32.36024780278383
tt0266489,-18.51423680656159,-13.994037255324807
tt0238380,14.250302642415354,4.600170740651008
tt0117247,-21.403244239481,-6.483621069739699
tt0252076,-23.70690768825336,-0.10700650261233992
tt0404390,7.270491452002027,-18.45271063322678
tt0106246,22.78337408502293,19.35896109493117
tt0467406,-26.59226458174713,-12.097779499934555
tt0074285,-8.958079823710374,-5.918432920710434
tt0469494,13.083800742663852,-2.7002143055067687
tt0861739,32.63832102289316,-16.382119665782565
tt0825232,-11.385370521675318,15.37089812806947
tt0318649,19.088263605430058,21.091946510529468
tt0102945,-8.660387600120208,-17.719391811163693
tt0120630,11.116370354301278,0.38092738097971074
tt0765010,28.291049986184518,-7.662564547384151
tt0942385,-1.2017898509774614,31.40420177214125
tt0120913,15.63633892032527,13.022629216868994
tt0295701,20.486308636231474,-5.5561486131314695
tt0097108,-3.237378751287048,-22.464298131421582
tt0371724,18.60908146165913,15.326807695527663
tt0426883,8.712841018902017,-14.761962213842079
tt0811080,-10.07985632486236,26.424992002946922
tt0443274,23.252513800165673,-18.25972971014349
tt0400717,3.429669313429569,21.727710802323998
tt0822854,21.569291267816475,-17.463625722003144
tt0986264,-28.368564363340088,12.033997219208263
tt0434139,-25.213190707225348,-0.9206102660675497
tt0387808,16.386413443564415,11.41377724086849
tt0475394,10.392903031644405,-15.00858898386893
tt0327084,7.119808982365625,20.034895826365005
tt0094889,-19.63564581231103,17.61764264296708
tt0375920,-6.974862740110763,12.79676009462099
tt0446059,21.22667924791614,0.9287909956102949
tt0453467,17.603711520991798,-15.08469826214131
tt0369441,7.226152597259947,-11.84284224367918
tt0348333,2.934442810166938,14.901916808934136
tt0462499,24.37659790069688,-3.5019573633092023
tt1063669,-30.40145182614114,13.93379689997156
tt0432021,7.511509923999441,4.888211063713737
tt0443649,10.448349769146533,21.650500951732806
tt0071129,-8.245589429581017,-28.73073836942762
tt0468489,-28.382336977891345,14.049531085701208
tt0813547,32.32384572698442,-4.156145976266552
tt0117631,-15.37155355797186,10.665928358437649
tt0433387,7.4227877476701005,-13.635952828363937
tt0462200,-8.135264375758267,-15.656718597135795
tt0405508,30.92324575786662,5.319929490236824
tt0425413,-27.356712280680906,-7.045197523193761
tt0292963,12.24067250530672,-8.776313230540014
tt0780653,2.8652008929467794,8.558128348423422
tt0419887,-18.513572403425492,-17.199824968713735
tt0380510,-8.442655541745236,-13.797708372755526
tt0107207,18.401258742272436,-17.181336154223434
tt0472160,-4.6433503804301965,15.320936135218046
tt0107977,12.864661151674314,1.3905567597506152
tt0159273,25.711229918087746,-6.47830126727052
tt0091203,16.97971360139731,3.063229951770799
tt0102034,17.232271890312973,13.955363578097849
tt0113161,-11.303831111495128,11.135540416996903
tt0299930,7.134536145938475,-14.529911857629472
tt0272338,-13.267976376386061,15.841602812423137
tt0119256,-16.625111891852374,19.571898251671815
tt0419294,14.808001052309521,-5.445071978609706
tt1054606,-10.587914119515881,17.124796422568096
tt0976051,1.9152517802076634,-27.73926258725789
tt0478087,-18.629899386281092,18.952639350002897
tt0371257,-3.133285941530141,-2.8638406858250884
tt0119535,-4.999174266571331,4.695553288345146
tt0112851,16.818556920822882,-6.575548884358195
tt0062711,11.20013250811508,10.329333381120769
tt0103644,14.965506332980391,14.344068017343272
tt0118583,14.586089178853548,14.290702006971047
tt1024943,0.775008851626043,-8.155395824025248
tt0913425,-11.297893584807174,8.534444663770676
tt0880578,1.5493857992559257,-18.466950836406813
tt0108330,-13.685227623472201,-14.73627353346091
tt0318411,-4.897616989574228,-13.735986797816006
tt0056937,25.11087798786829,9.053411084751616
tt0374900,-27.41046042353682,10.68534035630863
tt0473488,-16.247989601183757,-4.981600318224056
tt0122690,18.518329024009486,-13.4059593596235
tt0119668,2.234220628695077,-22.007852978530806
tt0258068,32.10830301699989,-9.891495367927515
tt0402022,14.002978352708855,10.807442966727026
tt0416236,-13.73008568745654,-11.023393291407176
tt0134273,1.9384022319587342,-6.603309489866121
tt0489099,11.39779956964671,7.672264089363873
tt1064932,-18.00050883195339,-2.348428108155702
tt0427470,-23.13483352158463,18.476318183311264
tt0486822,-6.94662802945725,-5.5634507883349045
tt0775529,-15.31889332049244,-10.417514956919547
tt0328828,-27.618864568805233,-6.308639726657349
tt0831887,15.24831348794377,-7.085393606210751
tt0430105,15.624913883417918,-13.99760118635107
tt0104454,-14.531184098432373,5.302511019090716
tt0780536,21.978114909117224,-7.826231001073154
tt0311289,-1.8009407933450492,-4.961869494253003
tt0071615,14.491396442916006,11.524007096288026
tt1023481,-24.46742339203215,12.194145948267094
tt1038988,7.383298409438035,1.658603859226741
tt0072251,13.463273643003227,-10.824783981179374
tt0096256,13.641929896366454,11.888991118563764
tt0861689,8.538047571439412,3.8789425671647724
tt0283509,29.175001852822884,-3.854893125171244
tt0259446,-19.060426080616654,-0.47823099941240044
tt1080016,8.884418820544525,21.164695642005945
tt0050105,-22.62315761115902,1.3888499922815063
tt0162222,16.29807877672184,21.585185943185163
tt0829482,-34.418753372563856,6.623338438641149
tt0102798,12.390680649000902,1.2919480804149484
tt1055369,12.389143477301902,9.955914015788798
tt0144117,15.55393964326677,-14.18227534291302
tt0278488,-25.759080790634574,15.681344129210233
tt0092086,16.22151071982158,-2.67886070530327
tt0832266,-24.61669386663783,-2.5729704685532173
tt0096283,-10.05042154427498,-11.511335801200048
tt0080801,14.241660082908748,20.325474729208437
tt0455960,4.3915989585072905,-2.875883000273399
tt0088993,6.666152270770273,4.417643042699444
tt0266465,-3.3674561264097655,-25.235197709824945
tt0119081,17.72424712752139,15.353755664913344
tt0065571,18.059607755232943,-22.56725090691446
tt0364517,-29.821928744747943,0.3693221522967809
tt0297181,22.033559700140653,-11.14528865900183
tt0100436,-26.80736189575452,16.69774801221204
tt0113870,11.331950861223959,-24.08817409004802
tt0216216,13.971820533746206,6.636710052943358
tt0439662,-8.323610487249642,-0.6098189097532853
tt1023111,-16.901230932722246,27.40318952206324
tt0817538,9.87151402872975,-8.121989381634986
tt0808279,-8.43289497732121,-8.1031913767116
tt0109686,-18.97284423889349,-8.534268704328328
tt0077975,-34.21324645408544,9.739913864072605
tt0251160,-2.7797914098305205,-3.0348359699453336
tt0120891,19.758819114395017,-2.818896163296284
tt0386588,-25.72001557606296,-3.274531907522648
tt0248667,-14.960732384037245,27.736133072903762
tt0098627,-0.4544368112302394,-12.076818404730714
tt0081573,8.302113522080186,14.091431499073579
tt0381966,-7.414905225428081,-23.82312207236637
tt0184894,22.829471613955047,-0.4043672346036158
tt0110357,-3.4756863696943125,16.709124461181275
tt0099422,13.873340200623035,-18.69236245759176
tt0926129,-32.63365927256763,4.773959677297312
tt0311113,20.09391612246234,22.050481118294083
tt0404032,-3.983549362009482,-15.330393525427542
tt0949731,7.27609325468584,2.7415181674819276
tt0163988,4.035607121728376,-4.886239325413577
tt0120647,18.672552174602746,15.598398772821954
tt0267626,19.018636342771934,19.335811955862592
tt0423977,-27.48491411847146,10.822037908280386
tt0124819,5.260597576038035,-5.44082803619316
tt0770752,19.709713678420048,21.973672201427235
tt0936501,18.41744117924474,-14.239457333392442
tt0120832,7.098925464391971,-19.36669078410024
tt0078935,12.926020517829087,21.698994518146133
tt0127357,23.593983906784928,-12.518344048093635
tt0311429,20.262669427388264,-1.651063308643212
tt0357413,-30.9044474508143,-16.445541371594093
tt0096163,-24.10194304931241,-21.296489542433584
tt0120863,28.401113241362484,-1.216069086469426
tt0088286,31.9802168031788,-6.021954427677797
tt0085333,-9.000800568844966,29.081134723278904
tt0871426,-26.137939105528897,-12.390881359927747
tt0082694,13.767656382591014,3.1077993112637388
tt0419706,14.447389649446013,14.75789379888705
tt0116250,-26.032195737330024,-20.900137395039106
tt0111438,22.281381559201574,-18.703265223105845
tt0118883,2.9040085056539926,-6.458289178334996
tt0250494,-36.669394780062525,11.910386974842114
tt0443701,7.240147078418868,-0.7066246131227284
tt0120749,25.328495066201405,-18.474310629909706
tt0112642,-7.5068414716598015,-8.162586295996187
tt0116136,4.269384148857007,5.893047263730956
tt1068646,-29.254739301050652,14.145506218844718
tt0209958,-1.7617585438210726,-15.663437397649263
tt0113497,2.4565905326884487,11.571287860203405
tt0105690,24.262613599394523,-8.998660076894117
tt0200465,10.64066536599636,-11.5100888537811
tt0375173,-22.703623170918142,1.35983720827201
tt0093777,9.581415836726071,5.825545828682934
tt0091326,18.782361710719734,2.348756079506192
tt0242423,-9.482225589173595,11.72565349423628
tt0119664,11.44040858161116,-13.044611555474315
tt0271367,7.960550060675743,7.340031945624444
tt0199753,17.584667393267985,15.987393929855106
tt0170016,-34.342197950624524,-8.706396042869397
tt0105793,-19.004194523967715,15.885063539196643
tt0108525,-19.26252413415343,15.199210415007268
tt0119738,-27.060677104325993,-5.693684779075831
tt0089767,13.254377724859603,-2.5716638811021846
tt0374569,36.29087033648111,0.3455918857181157
tt0892255,36.23416807853495,0.23397402156807084
tt0929425,15.764730078496981,-24.18611624360666
tt1185616,33.33096172427567,-0.7473518786608996
tt0493464,16.459371365003935,-20.924414925880736
tt0098084,-7.145426219975357,-6.733178516761962
tt0149261,15.21416725433331,22.963062320512183
tt0120587,28.204065969005654,11.817978025282123
tt0356634,0.7428106572236877,25.309090769820145
tt0263488,3.748310647105794,-2.4799651385985615
tt0385002,-21.603259621711945,11.35099098784551
tt0486674,-12.254122942624104,9.489458008007984
tt1045772,12.409480050791384,-18.942004443345272
tt0448157,7.806757009771386,15.072476726231445
tt0172156,14.241674486180662,-15.463624451551802
tt0112740,26.33187604489111,-7.844827418656951
tt1099212,-1.6349633688281788,9.126873161393576
tt0478304,-13.081474151327688,4.025044815818936
tt0357507,-2.951128390071877,4.357260916085967
tt0046534,13.83376547225657,12.623791567030882
tt0419946,10.571115035371886,-10.012101193144211
tt0391304,-26.5196427667612,-2.431552308843878
tt0398712,13.766292416378185,-20.6327197913144
tt0427954,10.383855391854587,-2.002404864372491
tt0109635,-12.091494710238177,-24.964257454296586
tt0110997,16.360857996430532,25.609087127552467
tt0093148,-0.05826584558622532,16.21166269802555
tt0436331,-23.518854140847434,3.6081620051574057
tt0398017,-3.536091043882883,-20.912525123194417
tt0093177,-7.24605602964175,-18.67267892122924
tt0425123,-7.833233234251242,-7.811198504182377
tt0140352,35.81377361345524,11.555971282147366
tt0382628,-17.494012023992628,-14.269039103552512
tt0322802,-2.4212528591077125,30.687042660586165
tt0095631,11.238108292858529,-13.7364979217601
tt0133240,18.34663468145747,11.863824276872226
tt0304669,-34.03458096128386,-7.085340400483054
tt0490076,-30.86738010505688,6.516341610697605
tt0166813,12.376784775146637,-1.4670236372696919
tt1033643,-23.969524801013744,-6.5906023642085
tt0406759,-11.642337578955992,-2.755856335753225
tt0142342,-26.787624854782038,2.668592505111465
tt0439815,7.6170670788925,6.162440684130502
tt0397313,4.0857430634721945,20.893353287913886
tt0084021,-29.72087756752283,9.60093265036751
tt0408839,-23.78475816812912,-5.541438115650387
tt0070666,9.350109700463214,-19.399959640046458
tt0402901,12.397540618534775,19.859327279514847
tt0356680,-31.70186323483987,-7.491254679064754
tt0375154,-5.495929904713808,11.713882503481381
tt0398913,18.84638851404854,0.9376603659670885
tt0089374,16.12904005801466,-17.48294922900454
tt0066011,-26.11096302119463,-2.6282373046156717
tt0095294,-4.6218377750742095,-13.992657595891275
tt0114614,8.721569501559364,12.264635472038474
tt0113820,8.734007927932963,16.561847224698276
tt0430304,9.386087901218605,-11.801161634541106
tt0389557,32.02426223943728,-5.354376586984081
tt0057546,-0.7933509407975992,13.267453172772063
tt0090056,26.100960196220743,-12.749709335748156
tt0243017,-8.491068452985655,5.404513694276104
tt0100994,13.246010522630394,-3.950348444794206
tt0112346,-15.91148129258746,-0.9095483052664561
tt0114682,-35.329070781656206,-1.7384955376401037
tt0114576,-5.5370205215219395,-21.437365106800115
tt0240510,27.241828219659965,4.363804701899696
tt0115963,-30.5131987909222,11.901480749521097
tt0114367,13.91332997870557,15.135458117031996
tt0115759,24.797854792220374,-7.934933800705515
tt0107144,24.0242957265614,-12.204956160273253
tt0257076,11.519191104459559,-15.554028945475844
tt0114011,-29.509768328392763,2.44714969316296
tt0300532,-25.95926820685679,0.01504973136869022
tt0066765,0.8783808592886329,30.395603588639915
tt0116213,22.3457748602512,-16.202694374367063
tt0393109,-4.797915523507977,-2.9278350963043356
tt0114857,17.27790692689878,6.160996101851786
tt0107034,-8.309708963337073,-3.6755312807291842
tt0112281,20.80780410271453,5.7085956297661316
tt0266452,-7.410358016656941,24.282276615534727
tt0133751,-13.078419916119621,23.542556772375928
tt0070735,12.723522446239592,-6.363865632681365
tt0116705,-10.781103082942964,19.059606809990935
tt0280665,-15.338379298006389,-12.876369001558617
tt0090329,1.8866309532703351,-15.372395414227762
tt0331811,-0.5783678201974424,-10.425429252155544
tt0115639,-32.19742586919,-3.3585660737777707
tt0215129,-24.338221065753775,15.654920915992195
tt0414982,0.047849245228121166,-0.7047048112538683
tt0056197,29.4440433398071,-2.0726704410572347
tt0398165,11.576871799713485,-26.835043077741744
tt0102070,9.568513977359894,-12.713583921817968
tt0455967,-31.28147954172845,7.904093450930938
tt0117333,-8.401964943948805,22.392482054796883
tt0258153,-14.019723686388451,7.712696738620886
tt0385880,-5.054901980556664,-8.487122478589681
tt0284837,31.152163079202957,-12.789152334716212
tt0117883,-2.826295506960482,-12.671655384231059
tt0115736,3.5260910604823015,-12.770990799867338
tt0117108,-0.830184894067901,2.7786886759871843
tt0116654,13.923949055704316,16.60358027271183
tt0113855,19.4020231005219,8.226977763489337
tt0120744,19.42188846678293,-1.337256704355018
tt0087803,14.070577415750675,4.637704470945732
tt0408790,-6.25077119817504,-13.91145968838496
tt0368909,19.85962083395511,0.5290901820106122
tt0102266,4.1044900319502755,-20.537949006732923
tt0118661,23.194696702671866,-19.82804161535537
tt0100263,13.395643191034337,-23.15276923554777
tt0113568,12.001019187248286,6.2784974351921585
tt0061852,6.695018974548292,22.998453550538095
tt0088011,-12.34806027622312,-29.004081778781778
tt0117218,-21.707415605724584,19.22936969849422
tt0109444,20.636222410100768,-16.158082645563088
tt0116830,14.878158309724373,-2.004657218696668
tt0277296,23.1007238508754,6.591171209879865
tt0388482,15.439223670494334,-15.368115447364822
tt0087928,24.6254621462549,-24.88167969896205
tt0389860,-11.008573548918273,18.83501037279178
tt0089218,1.6570617629138242,11.114101177264452
tt0298814,17.009417831569674,17.031704176324553
tt0120746,17.647441219965945,-5.415214865551257
tt0083946,12.046159365023854,22.331576385503105
tt0113540,-23.54256331527839,5.918834962651781
tt0086200,-23.86207677059797,10.36687447462562
tt0114508,13.487083640159677,15.051760868584646
tt0105698,25.841297877820615,-4.235002861683173
tt0106582,8.13423567251956,-2.4317214227827417
tt0356150,-24.46647738373709,-17.00163459460292
tt0457510,17.433930851456203,-5.559952361726673
tt0097523,-3.329309160563798,2.0057795670568197
tt0089530,13.694850381201045,3.5693338255624814
tt0100050,-25.449038723566122,-14.531394492715888
tt0265459,-6.764922360967336,-7.517202171068721
tt0309593,-0.1661066332596506,-1.4543272771271052
tt0110478,-16.536298523181152,19.62501897258008
tt0118615,12.687316828995305,20.72896061873825
tt0104691,28.184929580418846,4.13777132573495
tt0100814,5.867416389517718,10.94496663137963
tt0119008,13.73508578653709,-17.164851654905355
tt0104815,16.765541705149012,-6.558241683625267
tt0390521,35.11950049311807,12.104214263195514
tt0324216,3.5547830316032223,-1.377982428710805
tt0104070,-15.279626730852872,-6.468021438341649
tt0091042,-24.869904734677267,15.30463579926777
tt0245674,-7.406797097185484,-8.313931536084581
tt0364970,18.631920173897925,-14.00772945110767
tt0164052,10.222450432460432,8.48629876898952
tt0335438,10.87910834105887,-19.595870349657798
tt0107206,22.38934824925835,-16.65132221424307
tt0082198,20.536799455789776,7.010501990965848
tt0427944,36.00789368976604,11.670760633953401
tt0116695,-14.956833170204954,21.33489948266493
tt0435625,6.616617993259072,8.569394654822428
tt0094602,17.697207348230926,-23.204152168892357
tt0092493,9.793029723437728,-21.358682399956187
tt0251075,11.6308461565145,15.873042146545885
tt0196229,-31.3019720992922,20.531982818145128
tt0100029,24.956850189462138,0.18205565310722854
tt0119951,-14.668067463823906,12.122784033795234
tt0119013,23.30104787186574,-9.807649613317619
tt0423294,4.061128355022658,25.92212302890319
tt0119223,-15.611736369612471,8.009417781349109
tt0119099,3.7771035245287856,-19.111584696109517
tt0120483,3.3438905097501856,-7.33289188420607
tt0119731,23.143511089440313,-15.945028218652098
tt0119695,11.62602883261775,-16.720935240219926
tt0119038,-0.5367763009320128,19.239394208920288
tt0120633,6.235677441244927,-8.525803306763105
tt0120458,15.024138003378699,15.434724826290253
tt0120157,17.02336597616697,10.010958925655908
tt0091064,10.57794024816863,8.685691548722302
tt0119164,-20.670392424682163,16.40182471062819
tt0265666,-18.167003075647653,-10.29806967201477
tt0120770,-21.312754240313726,14.47792318851942
tt0139239,-32.90280986898626,-5.3998269656745475
tt0119051,15.62745552101149,19.90454171493547
tt0119229,15.059532220798953,-19.72709287635219
tt0119468,1.7761978787728796,-16.829077499499817
tt0119942,-8.162107280352382,12.628943241519355
tt0120686,-21.44076135783467,-6.701360371707228
tt0082158,29.864030959471187,14.305101967981967
tt0118617,-3.5957906139051947,13.727591040655659
tt0118636,35.01132675254779,-5.644725785220602
tt0120595,-0.2728252323707305,21.333744303637598
tt0120609,7.086126606002907,-14.199672022458902
tt0126886,-30.121062306259052,12.919227191918523
tt0080491,25.93361645218614,8.338133958128061
tt0120631,-5.861847783625447,14.53887903720291
tt0118956,18.530966148536514,22.501638396998327
tt0070034,19.03801186338695,0.6946759433348068
tt0068935,22.014456116762435,1.5628366233778839
tt0118789,2.3162008033053683,-13.913894253736213
tt0124718,-22.749600439754605,21.559312758216986
tt0373074,21.547449526316075,1.7977098557360398
tt0305357,-0.27620899966852147,-20.346621727877466
tt0364725,-16.093319808543967,29.087204654912476
tt0158983,39.04783856360113,-1.7483538622621144
tt0105323,-25.65537736935263,13.753388759303128
tt0183790,3.906069181713944,5.235777923631643
tt0349683,25.683914012847087,6.148378784059097
tt0107688,-34.46379816499162,-7.11704345566712
tt0287978,-1.445477562755403,-18.55120489815307
tt0145681,3.4665895623315066,-18.83333273520109
tt0113492,14.967827610994961,3.5793974072606645
tt0274166,20.67900909773766,-11.77392219080434
tt0120623,28.1911055323488,11.896520339923446
tt0287717,10.5668466454073,1.8536578273234217
tt0128853,-20.47115391125466,1.9075537532251774
tt0120693,-2.0457069450657848,-25.94465874070856
tt0096320,-2.6068915525929897,6.207095866315802
tt0097778,-25.48397011680849,-14.518681958902327
tt0109506,9.314821707320776,-0.8802195957389377
tt0441773,21.891747029468803,2.4049401902568404
tt0104348,-11.99127147025635,16.953551249564743
tt0305224,3.5659608655546933,-5.637225289055247
tt0328107,18.637765336567902,-14.439369005368915
tt0455499,0.7655824929224508,25.305125106915742
tt0365485,-8.039255537254245,6.7255421819214325
tt0107554,-23.659630968042705,10.312615807092662
tt0242193,3.751287626092836,-3.840195807606231
tt0221073,17.426295207228655,-25.266709613832045
tt0396269,-24.650423129084214,-4.95225472397631
tt0103919,-1.0809159690129562,4.229340394912261
tt0449089,-32.63022452571067,-12.093686005466136
tt0086393,8.282613967080001,14.11865486446819
tt0195714,-0.6862026797787228,-0.7155324376318057
tt0289765,21.017380307093177,-20.824378742332943
tt0122933,4.856242529382502,-6.573245438694672
tt0115683,11.040897006210587,16.940807103088556
tt0081455,13.615784901738719,9.263701065110926
tt1029234,-8.309012699220412,-14.784305264542915
tt0094964,-23.081909600676987,-3.404647148442665
tt0300051,-20.51274112725235,9.116034658152975
tt0091209,5.260530726396169,-3.5226770298824586
tt0473075,12.640399029565968,4.3871787894745475
tt0086197,22.061559749132773,17.255717661695524
tt0385004,22.910573514259504,2.1478985454414254
tt0070047,-9.923287628439825,-6.560183593032328
tt0252444,12.236630691399233,28.94857412822249
tt0099365,12.276397989746291,5.307454012847059
tt0285462,18.9758457852106,24.094497034608867
tt0099939,9.28174073456983,-16.89933368999524
tt0107808,7.148345524106875,-16.227251684400407
tt0114887,-25.039799564767797,-11.080906759502106
tt0300556,5.031874847196826,8.548313668868401
tt0146838,-21.433088032719493,23.14037428439881
tt0133385,24.74023785379362,9.275798776944871
tt0116277,-16.56070093542509,23.790981944895247
tt0314353,26.423136514211613,-6.283337409077856
tt0099739,7.515156865766143,-20.272874956122507
tt0106677,-23.461170077140437,20.843563577957813
tt0309377,20.811417668826493,-19.929179166102617
tt0119137,-28.52204822985685,16.846383424382253
tt0084805,-21.522952685234745,4.431252825647769
tt0110367,-16.867451681826015,-11.081726355063125
tt0117887,-18.554173285426636,13.987130065521406
tt0107362,-7.44230040128218,6.97872944615488
tt0101764,-19.33636003079544,-24.573697684227305
tt0102059,25.181785332231247,-7.053121516217132
tt0112431,-0.22853174386772365,21.293168457165947
tt0094761,9.04603179907178,6.799152270015461
tt0208003,3.107580152773773,-14.334155200174829
tt0094898,-3.6886844516068686,16.839278212850683
tt0112697,-29.277427261889276,8.690213906525381
tt0095963,11.904150070119787,-17.815088767510144
tt0105414,-23.79009400181901,0.807317535786903
tt0108255,8.688612167132257,19.451372605739582
tt0105046,-10.49392050916348,14.521458849747418
tt0087078,20.605236398303568,7.028809769266525
tt0120032,-33.28961233478308,6.339738642374005
tt0106598,13.855637596092958,13.66822344184395
tt0278731,-8.957312464164115,4.133530984525427
tt0116483,-18.80054607802875,20.67316691601483
tt0463985,-9.531708777423837,20.58645672974361
tt0098439,10.143637951811815,-14.105728885862804
tt0118928,17.161083605943183,18.529047454035908
tt0338337,19.329560231188673,-5.955722717776137
tt0368709,-22.396907737066037,4.024167550843186
tt0118708,20.07708715814652,2.8538167587663006
tt0089893,-2.446162392054651,14.36338377453354
tt0120768,11.689720470966662,-14.11783103519104
tt0267913,2.017909757389074,-3.30583949454349
tt0079714,9.322733135057703,-3.1740215250734205
tt0452598,-31.29436846958384,-13.217590862048763
tt0107659,4.984283764254665,-22.2582201412041
tt0288477,18.041026041523413,20.20744575288152
tt0096061,-35.26131151715686,-8.124776478273024
tt0317740,11.649148690678349,-15.37707891271789
tt0454945,-28.49931522606051,4.007304166771119
tt0454082,-4.4606186730283035,-9.471724518121171
tt0079501,13.72124219605282,3.2533682760727305
tt0286244,1.6346875988173188,23.48030183716179
tt0088172,13.92428438593364,13.420233731839351
tt0454824,28.424642247428626,0.03238228506699078
tt0097441,29.6390482728669,1.0019374995531263
tt0366627,16.674136328325126,9.219248491276355
tt0090555,-8.624969200526118,19.77522139192911
tt0375063,-21.061982967986136,-12.172912416920049
tt0387877,5.361390321152681,-23.346095051141067
tt0185431,-3.9883188903282836,4.206687919719831
tt0187078,9.812825957761238,-10.282566376527564
tt0402894,-18.2719346919863,0.39578268810055944
tt0454919,10.774824146738093,6.118290257247437
tt0258470,-25.892659008348016,2.304622072406779
tt0158371,-15.191250097204703,12.035864027859432
tt0280760,-8.707253631684598,4.207088026154976
tt0444653,-19.84447072937816,-19.599539682161595
tt0378947,-20.145704253347233,3.0704612558971416
tt0278823,-12.88581933170543,6.882353415096576
tt0112401,15.542582306789196,-20.417930743798014
tt0361127,-2.542358151912673,-23.57775266294646
tt0206634,16.513767063918795,13.12465488233553
tt0296042,18.444541171304447,3.541873884485334
tt0452637,2.375357401740637,-9.500973314855656
tt0395972,-12.688845328219635,-25.067519719022798
tt0106469,10.123965916947634,-6.4370657345688995
tt0462396,25.326053456296304,7.44705753473978
tt0244244,21.730490611261235,-12.184787953619507
tt0281686,27.90014274667007,-22.413345176749516
tt0450345,-5.390870381051283,-16.14182425497725
tt0119303,0.5257183100612003,11.379993206933207
tt0116242,-24.40494835215243,-9.511185288703956
tt0415306,-10.026655934228023,27.571433445906376
tt0374536,-14.36224813913809,7.407877651751247
tt0082418,-1.5211975987333848,-5.512821446357446
tt0401445,-14.479651219303346,-4.927285362454955
tt0083972,-1.517976514665863,-5.382092450726932
tt0087298,-1.1686073443109133,-6.3309787656858365
tt0089173,-1.3270226292072624,-6.320615254545431
tt0112442,14.275732211852397,-15.524174397437342
tt0120667,9.132844186775944,12.840234140265641
tt0106697,15.35108637167831,2.3061569516286595
tt0212985,20.218707038612894,-21.070678574640073
tt0217869,0.41768866572227287,-1.104909164642003
tt0141109,-6.109455840032281,3.0309580492609225
tt0119485,25.84360874365911,3.7011182691056344
tt0089155,11.045068178599669,-16.511733694872916
tt0424823,-10.79872467556596,25.998884717245396
tt0408345,21.41699978582557,-23.097832903369962
tt0477051,-19.187808688630035,0.573236266109386
tt0337921,-5.572543847853403,-20.235284690978695
tt0799949,-2.658741132732158,19.01285132969885
tt0462590,-24.563029003250445,12.209657105715008
tt0380389,-24.994488657703492,25.852716851716405
tt0421206,-24.225921621974898,21.1458495186542
tt0452594,-27.892764429846373,-3.314396406155334
tt0099329,-28.73093378920353,9.730681486603855
tt0119558,-20.679929900026035,-2.9412655013374644
tt0118571,25.09710097756914,-10.296336075255976
tt0377107,-12.24172546448926,-5.637465255913431
tt0240890,-26.813961730521573,-2.6412438959101703
tt0403508,-31.198476719979602,1.297322106370519
tt0165710,-19.26432343113382,14.18575001951572
tt0435670,-1.0108420990448475,-0.774263718370232
tt0355702,-11.044736591202737,12.422469134355222
tt0384793,-27.089037803520217,13.47243860055612
tt0454841,2.816505223893884,-2.556763310580453
tt0800069,25.36512691319451,-2.278494254393891
tt0424993,-17.638803921701456,17.1382647401831
tt0454970,4.9253283199519675,0.6628607899846642
tt0120660,6.322548280382255,-17.99586926801603
tt0232500,12.876463701976101,-15.629936843405838
tt0107818,-0.1407227656376149,-27.237670852450492
tt0317198,-28.768411987402096,-9.481933919813793
tt0117500,22.304357932567893,-10.868707403049143
tt0114898,16.606402807134778,13.362348015278418
tt0317705,4.93741241453476,15.261066688646805
tt0473360,-25.001917630141957,25.864250536289855
tt0206275,-23.44714044790176,7.504589507597369
tt0116999,-10.898895682605627,-17.580081596883545
tt0120783,-19.08526607242797,-10.365257586441988
tt0120751,7.277208068620146,22.113055321575306
tt0119707,19.380759896006897,8.330042218607513
tt0132347,7.563301365514233,13.396533329643727
tt0139414,12.405175703574292,20.30414734525244
tt0117331,7.02692107476338,13.221173667666132
tt0450340,6.269739253055024,7.076557686493259
tt0475276,37.01705450407458,-4.314383678131397
tt0293508,-18.049382406558376,6.796911198859346
tt0366548,3.7390035956266305,25.382545287544207
tt0120794,26.757847434681164,9.73362490265241
tt0294357,-14.994216722900704,-22.820633922999875
tt0462519,-28.074603830739886,13.203731245405548
tt0488085,-30.124832898184817,15.204723503094312
tt0090180,22.669895732298794,-16.359332615866467
tt0105112,20.66662344240015,-16.318533923942514
tt0800039,-25.93303993621088,-0.43597305538170295
tt0210070,-13.225520012274977,-9.7489530961902
tt0090859,8.929256798475492,-21.34603985272231
tt0105477,-10.840654108378093,-14.240571558660434
tt0146336,-2.018147485193355,-11.935811126477688
tt0117765,-3.2361877266615866,-27.59107399312146
tt0247638,-24.42523261739298,8.08225734407242
tt0133952,22.546442520853443,-13.201432423854877
tt0233469,18.815508859659733,-17.970123098531616
tt0416315,8.55346176949197,-1.7474734468755315
tt0113481,14.439891660575137,5.521336480403303
tt0256380,-18.201565785711846,0.4243123536323683
tt0327162,-24.349071903299237,-15.389919264843261
tt0115798,-27.03593446209503,1.2685407759661123
tt0483726,-12.47870383908965,21.869057311051016
tt0250687,12.243784835615587,-14.752647012677304
tt0395251,-14.475925869007206,15.794339003802259
tt0456554,-24.197355682628594,9.518437103016456
tt0295700,3.6043773637569756,-1.0219758651103228
tt0111149,-0.9492021914170966,-11.858821300503612
tt0429589,-2.1172346877276307,10.87650494495609
tt0414853,1.0493176834202582,21.53591153106065
tt0112792,-29.62711821268212,13.702180423983846
tt0417217,-19.328465954123462,21.836579501096747
tt0412080,25.254750850638054,18.746275712349295
tt0397101,-8.222679476580181,-11.42413919781147
tt0385726,-22.72165865298284,24.360419626757295
tt0251127,-32.51037665920544,-1.760555639164495
tt0370032,8.598217076075347,6.205069601447421
tt0119925,15.716292567693058,9.78734143238165
tt0421054,6.1637698854867145,-13.850567511059841
tt0267891,-14.688938451611328,21.110723652810325
tt0358082,12.542529470569685,8.567267985950506
tt0289848,4.925243402982787,-6.576891697480318
tt0097815,-38.65688631634505,5.944267169714044
tt0107798,3.4532781995324258,-26.590166112087964
tt0120877,2.563753958720067,6.520429884405005
tt0146675,-5.44593898605389,6.146590368916996
tt0357277,17.563088042142777,0.43034074937755534
tt0419749,16.15140397683052,-23.413795709304082
tt0462504,26.81065780815359,-3.8188949688967466
tt0369672,-14.110405145540248,-12.639104215369578
tt0475944,8.555859923348265,10.643637301406889
tt0445934,-21.820327601653993,26.383167513858044
tt0437863,-18.57646936157432,23.882373254472437
tt0279113,-16.860077398957113,17.739166127842
tt0477071,-9.80220603690306,-16.387205129106075
tt0092610,14.698086485625973,13.635503589689401
tt0425430,-7.060231132136472,-11.062323499378472
tt0097770,11.291246426344804,-25.234398407382628
tt0091499,13.701839286769982,12.384427500887735
tt0384642,-22.08475746842797,22.01106659480053
tt0371606,10.843305348191477,16.249880649537257
tt0413895,0.27907623487162514,17.845639498171998
tt0486551,-13.999468103359593,22.03682815666946
tt0218817,5.418394039820605,-8.333601260565983
tt0291341,11.636735841439519,-26.7638249964026
tt0344854,-2.4188015689075986,12.499500757408756
tt0091149,18.178799724545055,-8.491314621309694
tt0120053,17.938861841104497,-11.115711166863523
tt0437179,-0.23023322832911022,-7.1468749005056695
tt0328880,3.4899206956764837,21.797937838231366
tt0257516,0.5334421166577139,9.136417923501778
tt0091738,-33.3538844634205,3.735085705128464
tt0089686,-2.990728822934773,-6.65066859613594
tt0091187,27.425793773779475,-5.075348219257518
tt0228333,17.237990044298325,12.312784264531022
tt0093493,-10.087069416481679,7.483307966002259
tt0101414,-5.241224636312408,14.608121985346491
tt0093936,-23.364346472171604,16.363748973130523
tt0395699,25.742822992002015,-14.615815121198116
tt0092925,9.928657762094272,-20.06752366971658
tt1078588,-15.036828291900331,-9.890161244928752
tt0397078,-23.62001875248409,0.9243289124597802
tt0342258,-7.615403150671905,7.271324423788088
tt0322589,-23.67839928800178,12.234621282599623
tt0124198,-22.617096846058743,12.223666023153093
tt0452625,-7.946341511932855,11.34725100045374
tt0433400,-19.934564568216928,0.7312716636151676
tt0385307,24.55747499685044,-19.869330026878604
tt0414852,15.085979937939422,-16.405195054407958
tt0151137,28.347138138711156,7.268037766980553
tt0382992,25.157837219985698,-7.059902577400207
tt0259288,-9.429649805920452,-17.05227150644974
tt0455857,-6.145512227809071,-11.439019160921841
tt0227538,-22.196382324160286,-17.413179387674123
tt0108333,19.432152609457013,-1.3752154537854016
tt0430308,-8.696550122762835,2.023463100972706
tt0116225,17.130131850854333,18.67121652780868
tt0384806,-5.017242004062821,-6.440837053667746
tt0397065,4.96900248184569,8.716397104805104
tt0091635,-19.719713667328474,-1.8075395468436197
tt0441796,1.1162051197987568,2.298661901466648
tt0426459,5.930961078106903,5.880812342702995
tt0093629,-2.8141058358594475,-6.759414167274803
tt0466342,-19.38120418417089,3.769807067807596
tt0787475,-17.257159310620224,29.267333871057097
tt0093640,3.733070534917177,-23.87607861776314
tt0103905,31.729838693712065,5.975285158214916
tt0499554,13.670726224426284,-20.25793257665382
tt0384286,-31.6023948512948,12.701073538978902
tt0337563,-24.13247583284804,9.186378450442586
tt0012349,-11.541491029414209,-0.21260298011860426
tt0092965,34.84964857662977,-4.529171222782284
tt0065421,1.2346576033933478,23.899017610088706
tt0430634,-26.936249779296695,11.769302494479842
tt0091059,-4.425288393352182,1.5753064843885232
tt0095742,-2.9480906651485674,-6.568461690083067
tt0284978,18.079969668047816,-12.300645785486681
tt0097138,19.67199346449787,0.4078522636868198
tt0098206,-20.14209101581527,18.097908845026005
tt0091129,-5.838906033366691,-0.7383087332950226
tt0164912,-0.48424012128140037,23.094377055623983
tt1228705,9.854706165983265,15.142915333205385
tt1013753,-13.458970266480806,-25.503934446604422
tt0980970,-2.9102026079952585,19.204715123916163
tt0095031,-14.120279325159192,17.262654099868644
tt0097027,26.68872119209521,-3.443409125928894
tt0097757,-5.834868011009059,15.792412544287911
tt0356618,-11.895900596077091,-12.961585460835218
tt0307987,-33.90313595696932,-6.3411139419063955
tt0114478,-5.704659926238532,0.9195877918549376
tt0329028,-5.239924649035511,27.180674480266102
tt0120184,18.686907596598548,18.029156098692745
tt0130121,-13.723390108167752,-1.9022067736044352
tt0120399,3.9728982874229537,-3.5670911117365183
tt0082517,29.336510317401213,7.651683132551043
tt0089822,24.59714172337949,-24.755312120545273
tt0105812,-19.064617865648504,23.135929441671777
tt0327850,6.964435264246818,25.020702007685486
tt0097981,-3.014416876196081,-6.474224855673124
tt0097937,-18.147706100586134,9.230552507726106
tt0166396,1.0211548905636274,-1.8050253616987726
tt0104692,-8.545632153351384,22.45012665899718
tt0100944,-0.9376290883412451,10.94994189800314
tt1001508,-15.534301894163212,0.904743329203511
tt0805570,0.7343750483656022,-14.563650207971731
tt1031969,-18.981747750265562,12.858953293886437
tt1018785,-31.181477461817927,1.286443015518563
tt0910936,9.308923322148155,-20.500673040597334
tt0892769,9.34921650194584,24.426203414927436
tt0892791,-3.2500617843445774,25.183619412010408
tt0435761,-2.486002221522623,21.773337946979183
tt0800369,21.176322667296244,10.513359638822077
tt0938283,22.6146579553542,11.373302208384828
tt0875034,-12.997385873214146,9.50716352115567
tt0780521,-6.770422371795994,15.725714012687108
tt0420238,-0.8286468214354032,22.814233459104095
tt0970416,15.66454839833547,13.36764415687865
tt1068680,-11.015888847559335,6.648509387006416
tt0960731,-9.03310227726875,9.03854096808883
tt0327437,19.387558104897924,-8.7271127494519
tt0103893,-34.67780927799988,12.00104898294996
tt0139462,-18.069225705037457,-4.976498553451176
tt0129332,21.51147548407014,-3.1689088841571937
tt0362165,-5.6209875254219535,24.128859176487587
tt0120148,-20.43322477285433,4.060736235590526
tt0120841,15.053453087609135,14.076589591844806
tt0120255,-4.262310454346696,0.3210762632786229
tt0117802,-25.489169773791275,-0.9825516982265642
tt0128442,-16.960241860767034,19.835632748345706
tt0097659,21.152529810527394,-0.8425559861138564
tt0120324,8.102168097446365,-2.7025966949911053
tt0091080,-1.207956347446191,-6.405209826388371
tt0338095,-5.82634931272553,-8.22507734457018
tt0190641,10.086565635270007,18.1356029248548
tt0281358,-28.43404881174256,7.810145282767281
tt0119167,-7.13113880458642,-21.43862631037649
tt0069467,-10.835038623294405,-11.643141190571148
tt0056687,-14.959929462002833,-8.038583192859502
tt0084522,-32.05655504964024,6.974127854399569
tt0102803,24.505578111933705,-7.307268450738474
tt0103241,-2.4991822714175673,-0.32996815185515094
tt0162677,8.692491212903727,-18.31984637819102
tt0117894,6.883205266846926,-8.703781034831728
tt0095179,-8.41184091401274,-5.855476327959034
tt0097388,-0.7825337221745435,-6.407796146689423
tt0107254,-1.2340976154310435,-6.382924367879521
tt0457572,1.850457975007972,19.584480764918702
tt0452702,-10.781880371487546,-19.555388614140092
tt0385705,33.99243734636003,14.915304607802149
tt0089370,-12.335582240277637,-29.015102767834215
tt0145531,-4.3991969848303585,-14.332961612774684
tt0129290,-11.929518147672697,20.30288450369729
tt1234548,24.044336663802586,-5.350382237351221
tt0160862,-29.23375047781648,8.655359781294534
tt0432283,11.171644823368588,0.2537033119656338
tt1124035,-12.497075666616048,21.91638490783011
tt0377109,-10.226092120896775,-8.690738556963048
tt0078841,-7.071007814302297,2.627235643846694
tt0082186,23.417234723168722,9.008021746061829
tt0104291,21.600439493838667,15.299977532320819
tt0333780,-36.69135844274417,11.926132416910686
tt0088933,12.554237494608714,25.24159548064088
tt0112715,13.242429680857578,19.37911636719728
tt0322330,-20.75696259096586,-7.788963555378186
tt0063350,6.0296394838148615,4.342834181134044
tt0120177,-0.032499470473748786,-4.9178119824464215
tt0101516,10.283251845941532,-15.50372782141802
tt0048280,1.924724409814646,21.390140659245326
tt0097637,12.570782152133038,-19.995740507089632
tt0139668,10.00695040068592,-26.616519561350437
tt0120461,17.198659577682573,18.527910685422828
tt1007028,-29.377279921130967,-0.9154226303870941
tt0986233,33.9718401591075,1.648099682005875
tt1103275,-16.49454306148406,-15.979105540937807
tt0176269,18.435691678098276,7.686673824348991
tt0120731,-15.935538860571738,10.324891065830329
tt0104952,6.304660343635636,-25.835197111321055
tt0101775,-19.20937513084152,-6.222184546061671
tt0129167,9.001464208709796,9.458364403958395
tt0165854,7.972944352730689,-15.694519843000116
tt0325655,-11.642031039464724,-2.7048099337108455
tt0126916,-16.321316120498047,22.701611384289063
tt0191397,-20.46649718211091,23.494780918838295
tt0111742,0.28634254734350656,9.553188474061226
tt0096244,4.989150674465267,-13.565131859988634
tt0150377,-2.696294999769021,-21.261282359096644
tt0174856,-14.652877423825831,27.06942810305824
tt0205000,-20.309140480880096,18.20789778904279
tt0105151,-12.977193614651753,8.68616466873478
tt0101640,36.25904804309846,-8.018418073901803
tt0104187,-32.42793668990754,11.413479570250859
tt0105488,-22.87001890650636,27.128455629516566
tt0105275,12.487795807798214,-30.65452842013607
tt0104868,-20.083600243972516,24.84548005288496
tt0106770,21.214689146198435,1.0910328200158608
tt0293815,-5.904159446895185,-4.335835790847803
tt0113243,10.823195278922604,6.43216034544341
tt0499556,17.8295811125281,-19.36695558291524
tt0103939,-13.546762112864519,12.132666819613986
tt0106226,-19.29291479292121,-0.7693666024608774
tt0104940,-35.28436100628493,-8.0815392685617
tt0106375,1.2919146034673827,22.089631321725296
tt0107120,-4.804948727334687,-7.569262146653636
tt0107507,-9.226319038955399,-18.735471296707807
tt0108174,-23.79244616273077,-5.43882568220802
tt0208988,16.939173485812443,-19.038398334695124
tt0091541,-18.65537787527792,-14.01468328809294
tt0191754,-14.20265530418821,-11.68604082869127
tt0195945,9.033510074100858,-15.65843229988932
tt0112461,-22.954732026364457,21.176885654907665
tt0410097,-22.713481062038596,15.199643961735328
tt0132245,-10.299468415172019,27.60260922572155
tt0117918,-18.955953163190234,20.632964638560974
tt0160797,4.339057334891475,-26.103866618214777
tt0171580,-18.142402547704435,-6.773080438902508
tt0211181,1.649798615744688,23.064956637069674
tt0452608,24.8079388049837,2.964195320281925
tt0410377,-14.411986010262533,-5.770637984118685
tt0085382,7.602247344762788,7.12129342049765
tt0157503,0.713637910154526,-10.253635222702005
tt0097162,17.604758841098995,22.329047148458486
tt0156887,-7.916743759992139,-13.22389127394572
tt0097647,18.898261094999786,1.952214424076349
tt0104779,-17.95913333099605,-0.35313537415515095
tt0107843,14.410480191715653,-22.21922278287819
tt0138749,17.642741808040054,-2.965639812215343
tt0107501,-4.400769905888939,0.41792898743201606
tt1045670,-28.895369549194555,11.363475650617936
tt0110527,-34.69585633333939,-6.094355277344104
tt0298845,-16.777657589932165,-16.557027667133056
tt0052077,14.579135445343754,12.473940811287509
tt0066769,14.574599250710131,14.862703605568067
tt0092067,2.158528052123442,11.673379110058617
tt0074860,24.80216369934644,-17.61062639121337
tt0901476,-28.977040049936168,-3.6408648678504307
tt1175491,31.977249416831945,0.7128827108590579
tt0479952,4.225174336354466,23.586365221742415
tt0988045,18.633301510589632,-8.281560293013568
tt0462465,20.212680441034216,9.489202518662141
tt0114148,28.245427556968515,4.291444034439677
tt0117723,21.707362939273743,-11.44453974988319
tt0064505,10.114482425316224,-11.582177892030458
tt0101761,-18.063873914656774,13.596880631712372
tt0105104,24.912821667439935,-10.701880196119157
tt0116683,0.6722462114754172,15.282550262614443
tt0082869,18.85063189770995,10.643874700198657
tt0116287,-30.794121912329103,10.75841340417385
tt0277941,14.467145472933966,-12.862610045275368
tt0116583,-0.8813527976225487,18.96678067870718
tt0115571,13.744784678468577,9.091478428891339
tt0116477,11.784823952898767,1.5948442143003192
tt0307453,0.42052035485975126,27.708898444864477
tt0186151,15.69328907666472,-18.81987891180484
tt0198021,-25.415235163508743,5.372902613255305
tt0130623,9.568644784875225,20.582965108393694
tt0196216,7.228667297817984,-11.879866315722277
tt0219653,0.2144572739742646,7.07310021980202
tt0094862,-12.410909742284968,-13.271378682602538
tt0116409,21.16514400924262,-3.080526152727682
tt0093756,24.641433738375053,-24.8852343983544
tt0312528,-3.907545608686766,28.07680167751235
tt0367479,13.756807530276639,-14.553425804440021
tt0277434,28.142050039406534,-0.950655628007666
tt0265208,-28.20495234638601,8.3121897608561
tt0251114,29.933028568303506,-2.6880003467573528
tt0316396,-4.1292242373493115,20.03415473775524
tt0119190,7.101063292510112,22.1581291414472
tt0116126,4.470707035074127,19.991327870047694
tt0288045,20.6255024640364,-0.3130631311334874
tt0303714,-10.781236172717069,5.406752553532507
tt0117786,15.921601372719968,-16.75850563126719
tt0306685,9.464279773101117,-12.371365887083256
tt0377092,-29.036375753722503,7.765922506902425
tt0257568,9.595447388549227,-2.1400610545086085
tt0269347,21.081936751110863,-3.511260268714332
tt0061811,4.084918909589368,-22.24729198250204
tt0113118,-9.55012362734365,11.879532302584051
tt0210945,-21.765582133688085,23.669710686339336
tt0174480,-23.044101438443988,1.5599291882166058
tt0217630,-27.489805103799352,8.561180204408593
tt0096332,-6.617933665672027,-28.062838030446258
tt0223897,-24.861505782440556,19.13484357656267
tt0070355,7.812993328665981,-23.40643174267522
tt0074483,7.919301160449703,-23.641123190952964
tt0086383,7.685024368498244,-23.518606541900127
tt0094963,7.816441572002802,-23.376847383552878
tt0048605,-23.31533803052402,1.3907701345831325
tt0079261,-18.257358586001192,10.777871710298694
tt0107007,29.720390835005006,0.9463060223867733
tt0091225,13.781006067284617,16.331938282485655
tt0110167,7.555471930481139,-13.226828590658624
tt0960144,26.244973652219958,-19.621559614240063
tt0120484,-21.69841659178772,23.993228329977434
tt1245112,7.448927936710352,1.5038598199935826
tt0482606,-11.182949025026463,-20.278446843794157
tt0120241,10.472713871014943,-11.709795053145182
tt0068473,16.363974955302766,25.725219013692296
tt0094291,6.895706660630315,-7.6861786800881315
tt0120762,23.381691552311047,2.3140170220064467
tt0095174,-4.903131788527573,-18.51565769530927
tt0085636,-3.9107487176517526,-7.3237329978985
tt0338096,-19.260820763950125,6.814041328248917
tt0305669,-2.362282719690685,-22.398300196974546
tt1034314,31.163335473476284,-2.852295742980947
tt0910970,15.147159844365017,11.237305659900297
tt0147612,-6.1562939545857915,5.5192910090772225
tt0115956,27.292045526414114,-7.130519022206307
tt0204626,5.60254182514928,-17.831117310965116
tt0170691,26.346510186033097,-2.774832554376533
tt0099763,-0.7538180627751084,-8.511705127186518
tt0046183,-4.068613728571979,20.023973313247595
tt0097499,-7.20997142530695,13.6822557633764
tt0367089,-12.622737959391985,3.753740661358926
tt0317303,-28.363155570363425,20.891667832040664
tt0326856,-17.632643399525488,17.160969917914905
tt0297884,-20.083637816867718,-14.877808733051952
tt0318155,5.165551199365814,17.642313872694196
tt0329691,13.30361744431324,-7.919450344907645
tt0319343,-34.04200917569397,-6.45197356923137
tt0309530,-22.015916607338752,-0.8817971853471502
tt0115783,11.973731785552834,-18.73529544985789
tt0083943,21.68921208461741,-9.910789313457084
tt0282209,-2.7423662555239257,13.62663593644921
tt0074751,11.46003004683883,20.784672702349894
tt0109446,6.982028558512806,-18.43333635660878
tt0079116,11.20228237370596,-24.03684630729203
tt0286788,-21.93977386926149,-10.93106895958254
tt0313792,-20.843993903158623,2.018580884561205
tt0337876,-14.662251571120173,-9.001849393228177
tt0308055,25.952958581470114,-21.60249302833041
tt0310910,9.726897707054459,-11.04314576909413
tt0318374,-19.06815887255631,17.677707353863802
tt0075029,23.330258184759465,-1.6410138138498302
tt0338094,-7.784340405805341,-8.141036124354772
tt0248126,-8.670157509755557,-1.4195413394409326
tt0473308,-22.421464119288455,-3.239918703538648
tt0815244,-8.620736045532995,13.214182082161736
tt0866439,-27.190339225259564,-4.266954623130205
tt0364751,7.953397405586276,-2.599448769302356
tt0830515,19.623744873505984,-10.847863132972027
tt0077394,-7.313007493527248,-4.952973219253812
tt0290095,7.021358896150013,-12.646641966579697
tt0060315,15.703686375891152,-4.8703932793569855
tt0074958,-5.981242603915579,-30.145678183745837
tt0338564,15.338823818842739,-17.127741613266828
tt0091419,-7.980577966909628,17.376456985813434
tt0243133,-1.08524012817773,-21.095243990522377
tt0116365,-4.647359118122865,-11.711863382940761
tt0093693,-13.238984983405247,-2.864386943107906
tt0420294,4.197479750233345,-1.514566770532493
tt0264395,22.97325481298061,-5.618410116447644
tt0068327,-18.73361939700641,7.551244148628011
tt0044121,14.54242092876612,15.841600956533322
tt0024184,-1.4033350289919757,-2.288745488569712
tt0063415,-8.517635336268867,-0.031156196139127772
tt0362225,-7.289169648543621,-17.74866933451883
tt0267804,14.967897097289871,-0.9725780640008811
tt0114436,-23.09334105300503,12.358478446371446
tt0074812,21.56988708368003,14.320886702040657
tt0119360,-30.749384057281485,15.900934927378781
tt0240462,3.4996039210997147,21.79671577732146
tt0087050,11.980558796670262,-2.7853253709527035
tt0117008,-29.65170122243726,11.768395328552533
tt0465203,-5.90894520843972,-8.558098354455195
tt0125022,-19.59082948397004,2.414371875449969
tt0097202,15.376247984335906,-19.993501539766207
tt0099472,-1.188353039362253,20.494269155398598
tt0074695,31.028439179694388,-1.9341398375022725
tt0088680,-21.184272964899733,0.9464316557402721
tt0100054,2.4603015794482688,4.166690403657182
tt0089853,-17.52758198263294,7.526740843367128
tt0365686,-16.01508646167632,20.249215209830357
tt0113987,30.056992451445865,-17.140176327152282
tt0098384,-11.630794995943015,5.00581509225277
tt0230011,19.26041899114864,18.73433850401799
tt0206314,3.53703496795665,-1.5737834899023115
tt0213847,-9.065010582910313,-29.48205162754192
tt0094608,0.5631346460621411,-26.141601385601106
tt0189998,-0.8523491285382477,6.739196993619521
tt0180073,-17.41853407869921,4.7701648761943884
tt0242445,12.311064577777437,-16.80981429244254
tt0239948,-28.890335744394967,-2.6640382624246346
tt0053285,-4.032958707278047,14.992331915139017
tt0482599,-6.977501256506311,-12.916714456856786
tt0083131,26.0421577842853,-5.365130261966212
tt0303361,-9.454828351499051,-14.002440684489578
tt0032910,-2.7764322732250064,20.976241840703416
tt0110366,-4.082890859259732,23.703631166915947
tt0029843,12.503134916377043,1.2932405643629057
tt0107302,-0.3637801262596484,-14.592538226288589
tt0054953,29.253076929611037,-3.2241638487490674
tt0308383,-16.775943826228442,-4.341126182786811
tt0313911,-27.79601413186428,9.954692337681589
tt0089907,5.9734704221749615,2.927279910144872
tt0328589,-19.295019348172765,-4.636861958704362
tt0082406,2.095958110461944,21.521276861343704
tt0277027,-14.726490320965949,-9.645100960801201
tt0102526,10.367762746543672,-14.06789878184256
tt0245686,-8.852923616501633,10.724038075784605
tt0088814,0.3089962539738614,17.634932752168318
tt0261983,6.625094348175948,0.9048061756500948
tt0046876,12.595547589882946,20.286809302238446
tt0443536,-2.6249450956976443,23.376800965143136
tt0242998,-0.9214151338662816,-10.992240483364117
tt0241760,-27.654193521717403,13.727224925882732
tt0113253,-3.4027964467494862,-8.407338990514134
tt0239395,2.6102264202602634,23.953611491077556
tt0283139,-12.543832632758072,-10.472450377698614
tt0243585,-0.33346283257064063,23.181896930729206
tt0106332,-10.822712214189384,-1.5547753342479596
tt0093010,-8.203475326441453,-18.56355638077337
tt0088944,16.918294739430273,4.55365454894708
tt0115685,-36.12381795542978,-2.403502872023292
tt0181316,10.742313575590346,-10.526729452210398
tt0120888,-26.423070722122635,-4.429863510088728
tt0185014,-28.353424303924125,17.70064632956229
tt0099077,-2.0580933794910585,2.4415645961598678
tt0076729,6.153087218847449,-4.584882576411001
tt0349205,-31.219993094434425,-13.073614321849632
tt0110443,27.341385753378468,-5.39051192850807
tt0076666,-21.823877729574253,13.729842413348564
tt0110877,-17.016874960863653,1.5322568378156403
tt0110989,-15.150592849836276,24.340661639951218
tt0274812,-11.542168372490163,-24.661640393042823
tt0120004,11.80277476368772,19.3766728110257
tt0040506,18.160466980353295,-20.892224335154634
tt0112508,-16.336653649526877,15.679597886522282
tt0073540,-9.907428180339373,-4.211788194741089
tt0272207,8.217327843212457,-20.337921454810143
tt0328538,-27.169993919497397,7.275276107817231
tt0331632,1.9942689649885477,-3.476779432202999
tt0204313,23.580990915832174,5.467697031224278
tt0086637,32.78964825287915,7.748255650732025
tt0088258,-18.58264309375618,14.696574169636909
tt0080661,-1.6916362015895838,-16.76702154328578
tt0332280,-18.136079851651733,-4.689072818951002
tt0065988,22.060477191271012,-2.460614588562815
tt0338135,-12.75807808231278,-2.061117265382067
tt0106307,5.183546326306373,23.47444605446396
tt0316732,10.779212229577814,-17.999260981561296
tt0065207,29.92427065272056,-2.7834796343671107
tt0086425,-20.53838082106094,-7.757322164100905
tt0095497,27.608259362071486,8.751078903979243
tt0317676,5.096040628334656,3.280472734184731
tt0088850,-16.200312903640498,22.6310728780287
tt0103859,-21.556990725101695,3.662468374616034
tt0110442,-38.697293258509106,5.973015940997254
tt0105415,-20.34453470080376,4.8161485410657106
tt0071230,13.9467344059059,-4.695443402102697
tt0108238,7.046397835104215,-20.58750328757978
tt0235198,-23.5831755263767,13.975681026643496
tt0100419,-8.907088748615585,9.903377342412975
tt0271668,13.928841425698643,-13.776048444446062
tt0364045,1.7672105178885922,-18.59695749613971
tt0268995,-11.558531014026483,8.188662221428759
tt0104389,-10.317162594525596,-13.514218737525132
tt0252503,8.514524410631894,-11.73352176760078
tt0255798,2.3446499405903314,18.636782071106648
tt0200027,-13.820973927706193,-13.992999058045779
tt0100404,2.0668276078017014,-24.186576613675168
tt0315983,-18.174686266492678,-15.869261915675859
tt0382077,-10.955143604840726,-6.930148695178484
tt0364343,15.01674716554032,5.548942019834885
tt0108211,30.648437807252492,-1.9162127085635228
tt0109424,8.10743426260501,-25.13985011520978
tt0058385,-28.322961686799587,13.393084068124987
tt0091557,14.932825798485219,10.21470036639233
tt0349710,-26.595500000675163,19.223335091687996
tt0368933,-24.45063928630268,8.098970295742802
tt0361467,-24.78282610005481,7.315199183113479
tt0091778,-7.236598540321463,-8.592519196517129
tt0100477,2.8764925100961167,23.480111122925734
tt0337697,-5.518572862834626,15.566540031640663
tt0963794,10.26079951139011,25.63581462495946
tt0085995,-33.300347268669725,-10.93874659740186
tt1035736,-18.57174471324384,5.876004785250847
tt0104437,-2.498697554149214,22.139973558829613
tt0117589,-20.729942138500864,-21.94651980863186
tt0379889,-13.533297410908009,-1.8989197711300292
tt0109520,-20.247803512180546,24.98207276490273
tt0066473,27.289239891443074,-1.1379569716038067
tt0054167,0.5573494535344321,-14.295157612242972
tt0360009,23.834758203745675,-16.47216864728413
tt0758794,-21.74264383694985,23.166042032887276
tt0370986,4.945602798817532,-4.479732714255696
tt0758766,-20.495234328751575,9.983957299072099
tt0079588,-1.2573209480274616,25.798711772290662
tt0089560,-11.82688281845488,-14.099175655977639
tt0293715,-6.111095068069542,-24.905901829979186
tt0362269,23.56139608277142,24.07064684791032
tt0098282,-1.2013861161700723,-18.40309012391153
tt0099253,-3.2447518243434734,-3.7198845818106525
tt0103956,-3.1089768378270555,-3.914560497534481
tt0376968,-6.699757137356792,0.2678727283694188
tt0095690,-31.199877228293563,4.993496721822465
tt0379557,23.157249012628633,19.641250595303674
tt0338309,-31.281358282144563,14.550066393925524
tt0486946,11.975592827787034,-3.686590284055744
tt0066206,30.76069234311732,-1.5560913878891425
tt0062467,2.854551035444578,-10.654066083174158
tt0324554,-21.687378032985947,3.3317714351268672
tt0109190,-6.564419957553481,-22.175549389709918
tt0095765,-11.14289328263368,9.576542529235802
tt0331953,-0.31339651472197894,-12.05062047088588
tt0048750,1.1277514431073783,-2.669574660593535
tt0112913,5.175846592497615,-14.671830046549848
tt0042332,-4.238963389065554,15.751740421256052
tt0473753,-14.516910571858025,-2.540557358572031
tt0116040,12.815784954305713,-10.978387398862829
tt0116361,-5.808308687656627,-5.58257194301872
tt0080179,20.276664947363937,1.1946527649022762
tt0110657,-27.077478244908505,9.649126598540423
tt0035423,-24.226419512754312,-2.6105180205615395
tt0067525,10.083963989911629,4.989736578847624
tt0108071,-12.633158408728642,-6.965173558175361
tt0366174,12.640467937928927,20.14955415920288
tt0356470,-26.72301396224337,8.618327753272924
tt0387575,-2.986413211351103,-4.261679962539887
tt0155975,-4.395987574188079,-4.95029796165709
tt0411477,19.37252515845419,7.415938939617075
tt0091867,-21.922783098455227,-5.853498693587022
tt0120696,18.82405083090029,-5.486012791137785
tt0104231,12.417690179257082,-0.7230268316670513
tt0765476,14.638967966459198,13.56123563245705
tt0082495,-2.905355405037429,-8.641319595765017
tt0366551,-9.82823235237716,13.331449569921737
tt0396752,-12.239229934183422,-3.9568520947640597
tt0101917,-2.9616023889559404,-6.571662981730184
tt0082136,-9.549471082297353,26.452377078129288
tt0104694,-18.0878901269556,23.1640912533481
tt0070510,-17.058543310289924,0.6831820655397391
tt0082533,-2.322971084617036,-15.686809278456243
tt0275277,17.38139394038068,12.358588977452378
tt0066808,-20.993358147074765,-1.044379956860761
tt0097940,2.8363916910267086,-10.720580569013523
tt0084917,-13.99274684007895,5.232658338644735
tt0252501,-12.922622111264863,-13.907924985817612
tt0085809,31.36272126258179,11.233180692684714
tt0076618,2.6138504707136474,23.51032020806795
tt0814314,6.409369823997235,-2.6397489071963793
tt1152836,19.510314162303125,-19.731807070479736
tt1130080,6.54931830680382,-6.960485414785167
tt1130884,22.842845611790835,-5.08489781586849
tt0077928,17.45423950326409,-17.25318803882119
tt0313542,2.200690825795869,-26.31705865861177
tt0081353,-5.550309429845043,21.284366441670258
tt0085407,-4.7960906892794695,1.2500162314411603
tt0456912,4.821439526686589,-15.642749034123822
tt0055824,5.76010349884984,-28.015802423990756
tt0301470,6.383491728130874,6.348115237795111
tt0096794,-4.971222608744143,4.464754722929072
tt0131325,-12.147500906482989,11.086354599976548
tt0151738,-27.905776237461666,8.251295339478622
tt0063374,-22.202402294049087,0.21258572203127385
tt0095271,-3.1930868181397303,-8.542568684805616
tt0351977,20.28264417766958,-24.899725026109575
tt0113419,-5.944322294405725,10.328801200143257
tt0033563,5.689107059540493,20.662857529189072
tt0097474,-3.3326592201265886,-8.437218075393746
tt0245844,13.110803708707214,-24.707271559589802
tt0102768,-2.471654459143917,-18.662285948681628
tt0086979,4.6204729649417855,-9.399896634825259
tt0227445,8.72878367320984,-10.995357059136152
tt0131369,1.2799663746655232,-5.986939512564115
tt0329717,10.622645005491622,-19.814059789567054
tt0185371,-4.720247636710021,-6.08416516208482
tt0114694,8.165191719793198,-3.8593466433964596
tt0109348,-15.289129427526948,5.305201278422427
tt0104036,18.393027647326086,-17.193148893543132
tt0087781,-16.550856958923315,24.014295900191147
tt0111070,-33.98967594412921,-7.023955209006752
tt0277371,-29.819519227655896,9.208531418392758
tt0160009,23.246608530665362,-9.992211664012869
tt0402399,28.016662111944026,5.14322899378655
tt0094074,8.331186825990644,14.168777881274904
tt0116908,-11.365618856449036,-5.391300293482203
tt0091530,30.65807091968974,4.150609241132916
tt0089670,-33.58691559457823,-11.28970917456198
tt0120434,-33.33218358703574,-11.141839176773694
tt0401085,-14.137705943952032,1.7651354430942625
tt0353969,0.5652654420754516,-16.21780175455625
tt0045793,26.734225466332056,-0.4964670350159804
tt0308152,-33.148433708437054,-7.099252176668593
tt0332047,-38.14310754622038,5.244296862522171
tt1139328,-14.494113760479241,-4.3846591939495125
tt0220506,-2.830705514064896,-8.484281991706965
tt0114906,-26.755075372770417,10.286567949673449
tt0113819,-19.536864186623028,2.734465390288056
tt0078767,-5.33656077859885,-6.857296185728641
tt0110932,4.044787453466565,-7.12134472328993
tt0400497,-8.983157782858054,27.97439973190352
tt0283111,-32.019388193828036,8.928194823567743
tt0367652,-20.32645781139424,18.252653344911266
tt0091474,21.06621252371374,-20.745361893970873
tt0078446,-9.726229556177438,11.675882510038383
tt0264796,-12.999460056998217,-0.026089742701504073
tt0405325,1.846700488167558,13.739626557262781
tt0421239,-5.331967143178272,-20.5638081983149
tt0034248,-22.7117745946846,-5.900764979091119
tt0265029,-13.31591549301591,8.155914651201464
tt0235737,1.6708246592210036,-10.07326963193679
tt0265087,9.792971976920242,28.907584046303324
tt0211443,16.981920650616928,13.401054814040652
tt0113986,-27.305095045731985,-11.206854271958882
tt0080120,13.794687712011752,-9.385077499477472
tt0192614,-33.92895752040968,9.915624842061609
tt0059646,-9.232665266047006,-6.77336839227313
tt0074811,-16.937848061361745,-14.883106601534909
tt0065063,9.538485364743485,-10.767864377157762
tt0087262,-1.838308512010047,-2.7248375695351603
tt0096787,2.223139002583402,19.635082927990787
tt0101669,-1.3414631418866272,-17.580333212572803
tt0870111,29.957690581285743,-17.1350014854973
tt0086984,0.5141357593704347,-7.41844706416099
tt0090022,12.695241867975179,-3.7331263735242497
tt0455957,-3.5934080561658868,7.2738987855354456
tt0113845,10.308220123344851,-17.55012917575516
tt0213890,-29.815443396730846,10.53311287362134
tt0078723,26.984545967945973,-1.388018223816524
tt0107050,-25.983592798569436,-5.931355852281113
tt0091790,-29.23295388135227,8.246383181319699
tt0264150,-25.435883596159368,-13.328213650770165
tt0083190,8.917280326873044,-13.530644991183694
tt0082348,-6.728788816187588,12.937596603011423
tt0108037,-17.593502151094597,22.928785769812023
tt0256415,-23.769261304360835,0.6350904797747726
tt0229260,2.2808720929069497,-0.3697627034844744
tt0246894,9.948660672814317,-3.315440665813545
tt0080360,12.867700928686277,16.903368849131507
tt0116778,-14.61371978290066,19.39541307649805
tt0275847,12.878144801102447,16.023403148675108
tt0128445,-29.069331845985488,10.115136317947638
tt0110857,19.284016586205727,-13.156987031803821
tt0303816,3.5054843693647464,0.9287665343311077
tt0092494,12.451356124976538,12.550537179803676
tt0049366,7.77590608017526,6.33911146057078
tt0122718,17.74449483018337,8.628470938578731
tt0090060,-28.091533179684074,7.096020318348483
tt0410764,-12.608734446376062,-7.238282477087052
tt0257756,2.7803144640898663,-25.12162268420096
tt0070707,16.4206600543804,7.42799296340343
tt0097123,-23.39046596134046,-14.161859909905138
tt0421729,3.0514264879931696,-14.313576576315002
tt0106673,23.211604046149137,-16.972969614845425
tt0118747,11.907272866719994,-28.92467156329464
tt0104409,2.453814508783817,-11.146588899216061
tt0057193,1.0162864657140023,-1.6147202666503042
tt0093886,-15.887145440821547,5.149914936657179
tt0099528,-3.2837358548707716,-14.458550335833106
tt0065938,28.579416065495586,-4.094740397734994
tt0076723,-18.805447851685756,24.63762838197793
tt0111127,-12.154791355819413,-18.349555659454452
tt0099044,11.61058886916266,-19.747147813910956
tt0111686,-2.9598695851530348,-6.52416867581516
tt0105629,3.8864891863042565,13.063759355226457
tt0164181,-7.099771779976223,-12.2886098444397
tt0289992,4.682122803754499,-25.441049745973363
tt0171363,-6.3669227744232,-8.101281962670823
tt0424095,-1.129521493824173,23.910859100905633
tt0104652,2.0103662707765992,17.43924061190066
tt0124298,10.033351184392671,1.0841407241551373
tt0068555,-17.470443015746376,4.202035390364174
tt0795421,-24.117634199590338,-9.333564090758026
tt0150662,-30.608040571810808,6.577600854092128
tt0302886,-34.0102179380956,9.2807782129708
tt0386005,15.592656812196747,-17.251916007639572
tt0368578,-31.056460093973275,-5.424007955165538
tt0372237,-20.437988133251242,-22.073025400108026
tt0083791,16.64087738659447,14.151118291057005
tt0082085,2.050573629948314,-6.296503019329802
tt0089881,21.66555974796844,4.635856474585363
tt0082432,27.697150658370813,1.233928474651175
tt0417001,-23.890970607285713,-3.9195873954813822
tt0093507,23.953824157701607,10.801466719424695
tt0445990,-20.655806949184147,21.70214454666253
tt0104029,-1.9138898530419832,1.7411760276240118
tt0053976,-2.25224024813944,-13.38748058748602
tt0386064,24.464648198240184,-1.2761199515416204
tt0154506,-2.672974206707122,-1.2678842848717469
tt0424205,32.36080175506591,4.3149907444403315
tt0101605,-19.792194565950332,12.60765976938538
tt0425061,22.660017462904715,-12.724412530719585
tt0111301,23.561941847994042,3.1881987475097753
tt0115433,1.4558544625443632,23.248942202720098
tt0120694,-3.095606930559617,-8.56275898776863
tt0119807,7.060755863293765,-11.21990940593315
tt0190865,16.691613737403042,19.805898227918114
tt0329774,21.55127667934937,-12.119315292960566
tt0418819,6.772492403912038,4.037999148942851
tt0073312,33.69175727627867,-3.063456165614065
tt0108500,-3.8486221215013754,8.866770812673979
tt0120917,17.296897378245074,-6.4540852638601
tt0092675,21.983582018681997,-0.16081813913245083
tt0056217,13.880084710257401,-23.761916770417105
tt1095217,11.888926427831308,-20.24291691807356
tt0120008,16.508690480268328,-16.828293431545937
tt0084649,-0.06145406477202269,23.311152704863023
tt0062803,-7.949372682242662,26.933976191675058
tt0056443,21.084066021005192,4.239770100827009
tt0068767,21.669592229117214,0.4444832912449126
tt0286112,20.18945331650862,1.0580624528569924
tt0057129,-6.3703555231324875,-8.062323401996911
tt0339291,-1.4039656902627078,-11.96024592895488
tt0138524,-3.3966101188839546,-20.73441217403304
tt0077416,-28.64514647224938,-2.3094363441268135
tt0114287,12.549142591615697,0.2559187833893883
tt0104684,11.909902108805996,-18.12090187936602
tt0042546,-4.613057129196556,18.708911217972986
tt0089175,-6.708773668667834,-5.6848635791193285
tt0480025,-21.429212941292015,11.16384293643425
tt0375210,-5.600687631163892,-12.538460132604634
tt0103786,1.2953724365704153,22.074269187416142
tt1093370,-16.324056993656992,-0.1833496165567012
tt0120873,17.76362528001386,-15.833042097254472
tt0253867,-26.85413789971206,-0.5235543375176982
tt0090305,-30.657130415665154,5.969231363382253
tt0082846,-28.99633570801617,2.617044725754466
tt0245803,20.934064175056793,1.4272075838127722
tt0304415,-30.902712065585025,16.200487987281132
tt0101745,-2.9257815576367103,3.292501778585782
tt0360201,-19.125178792294033,20.692745735736967
tt0090142,-27.21507044361983,11.38926383434707
tt0095882,13.881443789348236,-13.402244790390816
tt0203119,8.78938214798873,-12.768059073286903
tt0082509,-10.463933180567563,-5.946834012354302
tt0118607,30.701145791254902,3.485609737575005
tt0804461,-5.1006692081868525,1.46070929321003
tt0345950,9.887470244266504,30.90161635532541
tt0078480,3.4253175674544774,22.867247938705933
tt0364385,-5.32847531110691,-10.573459266887651
tt0072081,17.434016091894126,-9.58759803284914
tt0101862,-25.412892390012487,-9.97182660594558
tt0190374,24.39056958989286,10.657097954320513
tt0077745,7.213553543376167,8.93069009905298
tt0302640,-29.33405303205342,7.771309033446758
tt0172684,-34.65183188465882,2.5824690250721756
tt0099005,25.420411068609166,-6.160632673004568
tt0273923,-26.59704686691166,13.497401060093711
tt0114319,-18.013824507437388,1.057020934749455
tt0113041,-25.652249677410573,-10.136644486799513
tt0089092,16.810099446110943,10.23350692279435
tt0377062,15.372200271559501,20.219993544742923
tt0115624,17.529727241085038,-12.357777597520828
tt0265298,-6.055367503098052,9.55684720876641
tt0090863,-16.66408837673349,20.602822224098897
tt0055630,20.396914210050646,3.521601473756404
tt0093605,1.9742622602349715,5.9472494773870235
tt0280609,2.8036783052769745,8.905158408925326
tt0039628,-34.80063649553865,-6.621096662841433
tt0087597,18.096531689148684,11.259341345302486
tt0070608,12.885773537955268,1.3694250529423604
tt0962726,-33.5605967419103,6.38399189468817
tt0281373,4.111250014436153,20.819697587136094
tt0102603,8.49199057420017,-13.784287293629243
tt0240468,20.968319717381753,1.7731768329444568
tt0264935,5.100045068760849,-21.132958299535268
tt0089941,9.730925062687799,-25.046849313800124
tt0098105,14.016041254880976,-11.980730784115083
tt0094142,-13.187230912436453,5.876576978627877
tt0041546,-3.7976583264328427,-19.155133702404733
tt0068699,15.487394823796684,-2.9361791434660782
tt0114787,30.78296220986007,-7.07883396397868
tt0076786,-7.395520501885274,-25.294362457224214
tt0422401,4.837450451819759,1.389630815996554
tt1132626,8.846026526124112,-29.12007418694894
tt0426592,7.63730038806323,16.801575696937046
tt0109642,-3.811510986090983,-15.77837971033843
tt0388125,-13.45063656696132,-9.830244722725988
tt0144120,-2.940341954524635,-4.322300724110406
tt0110074,-23.80556498407186,17.73003270709361
tt0068762,17.052392787080624,-1.7754265766157693
tt0067927,6.155961372393469,-4.567373211866512
tt0080979,21.00361913438868,4.06786167344335
tt0098546,-15.490876532171223,17.554930595191372
tt0073802,23.558234542141502,-13.23297121294826
tt0096487,13.313553906007744,-3.951842283315837
tt0378109,19.365103487775546,22.00257443386515
tt0108358,14.074550712667014,-3.4712627587647225
tt0119282,22.747684403234135,8.283825843126461
tt0107616,-16.196711343416446,5.7266884439024
tt0146309,35.95418714368465,-0.3414158256833947
tt0096734,0.569925187799816,-13.620848795991103
tt0119978,4.5885536056798255,-8.414233134423151
tt0089469,-1.838117917624974,16.045829363594798
tt0080487,-18.786013117120117,20.485591131233257
tt0203019,26.243201802141883,0.2305293535314092
tt0238546,0.9839612585044785,8.000557000831003
tt0114194,-4.638837228009654,4.571218969066215
tt0107438,-32.318344098243266,-7.407225677224019
tt0228750,-4.2024180487988065,-21.093004024435416
tt0283003,-20.83807262507052,7.770376058211682
tt0106950,15.270320376784998,2.319611622889074
tt0305711,-24.217376052783294,-6.055862848146935
tt0043274,-5.181475868197025,18.228012308405802
tt0300140,-18.34421971302379,-7.627946104198586
tt0493430,-2.446143850469678,30.719738704500028
tt0383216,17.525685020954235,-9.586042274042056
tt0245562,25.624565976293198,-0.7635945538073804
tt0070723,5.44314671856067,-19.30998873695301
tt0079417,-20.900678240613363,-6.880478123783715
tt0260866,-6.40109897766823,-20.79140746409639
tt0084503,-10.744924828263528,3.5292291970235166
tt0114214,-9.1615788475474,-21.710199819113306
tt0144528,-21.714083122086485,19.226127898361877
tt0112896,0.38781911465771784,6.945376910528736
tt0758774,23.997484396382102,-12.425769913496232
tt0128278,-1.0417264847577379,-2.946833498354588
tt0091777,24.62264920380282,-24.90764038048435
tt0114852,-18.06714343118271,-12.5427044190637
tt0115857,27.597615019728075,-19.076387493850774
tt0838283,-25.781887311502697,-5.632864741074327
tt0233142,10.391668401830504,-13.582504788991766
tt0106701,-1.2477600211148496,20.456870168545002
tt0347246,17.495990294672733,4.109343375064011
tt0369226,4.754355430374896,-17.28062323110114
tt0103759,8.932092747536206,-19.254097907984477
tt0095489,9.424071029404237,20.61941287184586
tt0338188,-11.637838993627739,-6.395819631897976
tt0264616,-4.363668850022768,-11.509663601063645
tt0098273,3.9789487406285162,-20.124478915546486
tt0091877,-3.6268738131771268,-20.89746746484964
tt0381707,14.553859721985498,-15.446030396595816
tt0094137,-27.16922390434949,-13.485914805058776
tt1014759,-5.223329307979676,18.19946605852869
tt0120889,-5.189577259019572,3.738122325711702
tt0111756,13.909027660234182,-3.1190457851802
tt0887912,23.46160816948595,-7.032526217094218
tt1125849,-16.114314278633884,28.29394816050906
tt0811138,-20.002762653943634,25.399292637951095
tt0970468,-17.711083259789948,7.906790800430953
tt1185834,23.288150008304676,13.258400876758705
tt0981227,-27.15407509459016,-0.3816886550721173
tt0467200,-5.685055105496599,12.233197180514555
tt0964539,0.14702681899505474,0.8706329943986809
tt0369436,-30.27613280043604,-6.959411677563406
tt1226273,3.1053399643887234,-18.289541313005984
tt0308379,-17.445662365148742,-14.367436097034101
tt0111512,22.329710624388277,0.8435227546439337
tt0061452,19.38116569076435,-10.697890821194383
tt0451079,5.876565295935274,20.464118443009387
tt0460740,-10.081609661101714,8.34141394863253
tt0055254,1.5535311636854974,23.20502446546049
tt0095776,-4.349274037776884,22.672531128904737
tt0472033,9.246322672859531,9.122029300317415
tt0488604,0.5086881295430767,0.5034923299636703
tt0416044,27.05512944941391,6.623837791358954
tt0073707,15.801022757311591,-11.430021462244412
tt0077681,2.8697413281232618,-1.9650167772657916
tt0075066,17.597377753563315,-9.53804857303091
tt0279493,29.963505154927866,-14.19071612177874
tt0338459,4.165974959166864,12.149791153787241
tt0377091,-35.600850837652736,7.19895446710548
tt0425637,23.394408894251306,1.8105961803391317
tt0086927,-28.484467847751887,-5.327975446720796
tt0066817,-8.021194826208541,-6.723072907304672
tt0971209,-23.359625289361546,-8.30225553450885
tt1010048,-9.174527515622746,-0.4181003349907373
tt0876563,8.676972624378068,26.808419975300158
tt0489237,-24.71097405025988,3.6269238929468672
tt0834001,1.7123118912741195,8.236745139637373
tt0926084,4.138681461056224,28.23350424920785
tt1201607,4.1065368713307935,28.210393373245342
tt0857191,-22.259606695425823,-9.387763784770705
tt0095327,-21.87299345970992,-16.128122013304623
tt0057565,9.038423551127176,-14.633168829407827
tt0117666,-2.0266038382997746,-14.722165141704604
tt0202470,-18.799134276165855,12.98096288928563
tt0183659,-13.538726746022927,11.436712066842254
tt0470705,-21.668799471554316,-3.3141289646128134
tt0070239,30.718068830985626,8.76521279543316
tt0821640,-24.44930232412358,-5.056641751148728
tt0085244,-33.195388631040636,1.300540223550763
tt1225822,-15.856599118973687,-2.054976142852306
tt0808399,-24.740689241134998,1.6002083092257176
tt1019452,-21.989979353075032,-8.813091431731925
tt0268397,11.464946137718162,15.14588810691556
tt0120797,16.03417750238698,0.5825671599200319
tt0181739,9.698750584440598,4.05781430230911
tt0852713,-33.97875711407815,8.439150651005098
tt0092699,-29.417024150757282,-15.084809484076246
tt0100133,29.12505297597711,-0.5697126891464058
tt0114168,-27.311682173090794,12.144702722388367
tt0963743,-26.147706377377403,7.569514410159963
tt0800308,13.633002598487336,-4.5300727127579
tt0077711,-18.63647874536889,-7.495322601244109
tt0864761,-14.96676683076142,-26.772161089148003
tt0995039,-14.40963635164174,4.0858927876562765
tt1151359,8.537853127080814,-6.415232983885945
tt0419677,20.26367338589339,-24.843383584461133
tt0460745,-11.581572359477178,18.76341971059373
tt0092718,-29.337309850113773,9.125733886561727
tt0810988,1.3686231336415093,-6.997860351307938
tt0815241,-5.758122691523663,7.869389208259377
tt0802948,-11.922261330315793,-16.679001350141874
tt1117385,-2.1116897685372384,-23.30942681438107
tt0800240,4.429804618203014,-8.86588426420306
tt0479528,12.73396675362826,20.336728425934087
tt0848557,1.7566462286110445,0.5970000729485547
tt1059786,2.418698567529348,-12.116247896327025
tt0067866,19.239160453533596,5.6183300130581495
tt0467197,5.899469132740746,-20.05031700230693
tt0397892,3.613571294367221,16.011736788829776
tt0450314,18.268282577765547,-20.822118057534198
tt0419843,-22.378013751642847,-3.858450964021352
tt0862846,-30.20444152520315,-10.569756265133897
tt0455538,-24.174421461488638,3.0236496745366512
tt0780622,-9.377210908463192,-4.892958580669374
tt0105121,-5.543636320955512,-8.741317833886354
tt0482572,8.923132811494606,-19.670504815164087
tt0327137,0.29526194365286,20.090234182739756
tt0490086,-22.228718525805142,17.171556950643666
tt0240515,-5.7420800305659965,24.214109783924727
tt0409459,20.019002075151345,-6.832708243727291
tt0814022,16.16318761209602,-8.697263996777437
tt0332375,-30.55027198352266,7.566550967103236
tt0477139,-11.873576702920955,-1.4524555704363977
tt0758746,-1.3911076032057927,-5.3983835304505785
tt1031280,3.982055138490927,-2.3309554962315735
tt1205489,6.368371857135017,-5.552620433677889
tt0104254,-1.604928363516986,16.411293226067425
tt0479537,20.98579128548892,-2.7056435621903776
tt0489664,-6.485462863272101,-21.526128086628358
tt0896798,7.067704458231291,-20.56873411404763
tt0490181,16.07651056390402,12.587580756122472
tt0419984,-27.514921718307267,-6.432691674099313
tt0845046,-2.961189006034634,11.097814670231033
tt0839980,-19.6667946169387,23.438823957794998
tt0947802,-12.002334543923011,-19.446886686431544
tt0988047,21.598033778235287,-15.710848733918782
tt0827503,-14.829502097859383,19.05104969308462
tt1139797,-21.658307348407217,11.069357322121881
tt0856288,-11.125188996624146,-15.86924926349884
tt0050419,-18.57922319174753,-1.9670551798894909
tt0037017,29.777602395595657,-1.1665280144183297
tt0481536,-9.889262569901415,13.379182569579328
tt0083929,-10.918169354990225,12.72087357094725
tt0756683,-1.6847922345796038,0.6175903666110107
tt0047673,-20.715000560126594,14.790989682891517
tt0310281,-18.175188475403477,11.659719032653708
tt0396652,-18.800921219723104,27.25016043696591
tt1129442,15.785408783433832,-15.351605618177992
tt1034331,4.620108114969792,-19.877707279262363
tt0476735,-15.270711565752231,-16.3588606742468
tt0388473,-32.17248722708997,-5.331007099940541
tt0248845,-22.43512689805521,7.866897904691208
tt0390022,-22.2228545915589,23.132689512712755
tt0168786,-9.649423628091087,3.4102963095580607
tt0094336,-14.859146128784133,4.504213110328881
tt0808151,10.852241008477998,3.2338183173262425
tt0465580,16.201093328008408,-12.78529751347263
tt0483607,8.809207397049345,3.918442029127792
tt0132477,22.403767817730504,17.517578035498623
tt0804516,-9.261634922146708,-23.9916431955642
tt0796366,19.11223661672252,13.29452305317458
tt0335559,-29.82517150637702,3.9657197225584353
tt1185416,-20.55312622300086,-0.43473650636241234
tt0211933,-9.483427541770068,-17.326889369941068
tt0814685,12.693236886634212,-10.44609043533226
tt0303933,-21.980697378010756,17.35998528082844
tt0443295,-15.610848122449275,1.8639918853542554
tt0093560,0.495104321003619,7.76186482377982
tt1020530,-1.2291253011275163,-4.830593825314684
tt0790686,-7.675710741928344,-9.940428589860451
tt1135985,-29.06607049143362,4.7629212114764865
tt0112950,-17.730539146838023,17.051983844955927
tt0489049,23.00740722878928,25.54217724346288
tt0323944,28.652217691486864,-17.403979399049916
tt0080516,-15.712233932659133,-5.402968536669241
tt0086320,-13.914028462963925,-8.428555871357142
tt1477715,-32.001104766775136,18.86036258757311
tt0109068,-6.3826059367321415,30.606716400850093
tt1046163,-27.468540460315037,-0.6567513316857072
tt0091369,-1.6481590849191488,13.879673233710172
tt0970411,3.1665264013015055,10.443723700326442
tt1259014,18.726137993786924,-26.270155343044458
tt0485851,-11.64079251040181,5.2139187141000765
tt1174954,7.719916622023822,4.880847878451394
tt0082031,-2.753389794209491,12.33231219128639
tt0088794,-26.951019716808986,2.03522969971544
tt1130988,-19.3598664753377,-24.620522580306773
tt0388419,-33.53832124496141,-7.745519237397052
tt0492956,-26.62886476100931,-6.704910444236216
tt0115734,3.2510407883427477,-9.580647686609701
tt0438315,-26.49081287865344,11.992394306743538
tt1029235,32.75555465366454,-1.1451536997960186
tt0452681,-34.09184400341062,-7.107114142723413
tt0218839,4.632030863693247,24.65825780048642
tt1139668,-9.143053503018347,-14.740638985780867
tt1013752,13.06172244132689,-15.728456040776656
tt1213644,2.6005310572909903,32.37860085753391
tt1032755,10.593169066026629,-11.15185808897548
tt0448011,-28.570222956423017,14.673197629143035
tt1082868,7.39961544663529,1.8458188101776327
tt1034303,32.30467833031567,-3.8430563261987576
tt0087995,5.108185399891527,-4.684840292247566
tt1075417,5.313534364399578,-3.6658220079665056
tt1190539,4.729635104350845,-15.652392708573888
tt0408236,-5.116150096139488,22.505883546483037
tt0316465,-26.709981886222057,16.786083790209133
tt0071402,10.285869571262083,-22.195342407578348
tt0449487,-6.011761454917254,-13.470361383531367
tt0923752,-12.753199865373725,29.167940212087938
tt0482546,-5.23159969008711,19.47680909151433
tt1024255,-28.819581339192553,11.024558292559272
tt1024715,-12.934826584868214,0.020600597575615286
tt1082886,-23.27901904742396,5.935887415705039
tt0115697,-12.536714283756748,21.983649531619733
tt0455760,-4.006947760175191,-7.95217570470752
tt0103767,31.884068480727812,10.890843731549452
tt0131857,-18.892898012387942,23.489179241571485
tt0361696,-22.34264378260391,6.810002120127733
tt0427309,-22.561969041238186,24.17213768173766
tt1155592,26.611004505411625,20.053553778052745
tt0088000,-34.039263731372685,9.56661258219166
tt0808506,-25.624970576356297,8.831102073487942
tt1166100,-7.737806768263127,0.5699276635705202
tt1182937,-18.7316762559106,0.6845638389337261
tt0449994,-10.355115767455032,-27.0044971822808
tt0365957,-23.795348621901933,13.116719316397274
tt0347473,24.881166225639674,-17.503796920207634
tt0480669,-4.215588614645152,8.557085524390747
tt1049413,-7.287972604483937,9.28983758664036
tt1190080,17.050574355930905,17.147030993629915
tt0871510,-20.391969232360456,24.73881112546919
tt1098327,21.179581659830543,6.37824261822159
tt0181984,-23.945218423222926,17.370724626802055
tt0429591,-6.1883699582638245,15.876140066321101
tt0424774,0.6183743585425944,20.117084411454755
tt0446755,4.433982981652577,2.885460963966969
tt0815245,-11.281315421813197,-11.014832366850005
tt0107692,20.33711576195064,3.0531250866278272
tt0120802,-15.592145576543382,10.05430368932505
tt0108065,-13.078292757608644,31.559637065992515
tt0349825,-20.945611989334168,25.25234264270297
tt0203230,-13.620637825506725,-13.622013098571134
tt0822832,-18.51440906702643,3.47329023838121
tt0390384,5.27561846014513,10.500320836561242
tt0918927,-13.227229861328732,3.4129876130565875
tt0092513,-25.480338446803167,10.962566129022283
tt0089886,-25.873344466041484,11.119746117166757
tt0913968,23.572125913031392,0.9019179383662327
tt0472198,-4.065298582303181,-0.4410984596395892
tt0165982,22.35789008382156,7.676676973613775
tt0082089,-2.306866026866444,-21.036206937269537
tt0058777,28.249275525437625,1.3448469684255984
tt1179891,9.576328609676663,-0.8059207874281314
tt0327679,-3.917417122535182,14.909098260322082
tt1278340,3.9544477143405494,1.6167764580522839
tt0368008,26.15183646540617,-4.3723550884118465
tt0473367,-29.701051349781267,-1.8226874526531778
tt0096764,26.05197610942477,4.9327101132644335
tt0108002,-20.844647466233376,21.728448514876824
tt0056058,0.16907292383874795,-2.6736494846023082
tt0117737,-24.833766273292163,6.768656788277409
tt1114740,15.163199958558906,-13.101426029519132
tt0498381,-3.1607412555849717,-12.296227903661835
tt0914798,34.148366104852116,-4.595381422608869
tt0457297,-10.391424094506123,2.191495354638644
tt0265662,-17.549255194409167,23.427233256510142
tt0443473,4.958317066355605,-25.208431654605228
tt1073241,25.553568695576264,-16.012087729952597
tt0139699,-22.310483199123407,22.999089747279722
tt1078188,-0.293380240482297,-13.297806316415521
tt0292490,-30.172199998016552,1.2030790106662081
tt1220719,21.526444108938982,0.8648168903817821
tt0460791,-7.2157144562055535,6.282407265467311
tt0067093,30.813225561509647,8.73724724607856
tt0119215,3.6676585656300094,14.7635395218343
tt0110006,-37.05232418508974,9.62503319074562
tt0327597,-11.155763155710154,-7.9184361322570105
tt0360139,-21.962816404133267,-11.025304251593976
tt0435679,-28.917937300237213,7.188493599572317
tt1046173,23.232403751479925,-8.679293294466492
tt0106364,6.107448821541298,12.799942400329044
tt0091954,-18.49375783110178,14.36440466224573
tt0263757,-13.104494770111167,-4.475902747625931
tt1084950,-14.30789972257396,-12.130120380100738
tt1112782,17.768474364270755,-11.083102685416751
tt0127723,-33.24546391261284,6.920419071649026
tt0901487,23.5562076153402,0.43315483535037247
tt0281322,11.259474349748746,-26.62217609476046
tt0102587,-36.00737508391483,3.327731579167102
tt1121931,15.307673406164662,-9.252616313786836
tt0059742,-16.00587563312902,2.0994228747315984
tt0094006,-29.139509672784026,7.106434508846761
tt0088128,-29.611476941693592,6.212436716641111
tt0838232,17.510030888646234,-9.593535304952141
tt0088930,-0.36583696452688297,-23.30768458975651
tt0134618,-11.292094801160959,30.08795941058979
tt0090190,8.30280341644669,17.50262798948157
tt0110008,7.174146095869108,19.994472633407337
tt0086491,0.9990871882657757,30.518079196633014
tt1247640,14.562670562601976,-14.45884487657894
tt0411272,18.72297671012286,-26.238287251334828
tt0347618,-6.458374158076809,17.802255682649424
tt0079833,11.541790203052122,-7.614075241580678
tt0430922,8.178029267166439,-3.9132288218528237
tt0067588,-23.518426782994617,-14.34298429857687
tt0101757,-25.95426493861012,5.604985562221821
tt1132620,3.459445439799011,-29.01126004857011
tt0388980,-12.643875684549263,25.186998178101675
tt0892782,9.871147876926202,16.900365197155203
tt0068833,-1.6591934826461103,-13.330746114013873
tt1152758,-0.5330945253776211,-13.118751894692261
tt0090685,-26.20176857542283,14.744721647179123
tt0380623,-24.697448589500894,-1.6055256303641345
tt0083564,-7.46359172730112,16.7542342069986
tt0084707,-16.444809522911413,-4.98181979352697
tt0367110,-8.148564860484731,-1.1073597991876991
tt0332136,-15.848272213681053,-4.173010767707578
tt0113198,-29.00033978463799,10.175070539598082
tt0042041,8.465424474127959,-12.639698409913667
tt0238936,-9.637342079738085,-1.559989377932242
tt1327035,-9.677515364802252,-1.651514482861511
tt0216651,1.7360035974843995,7.222049930730045
tt0758742,16.81617072534452,2.1815954543463407
tt0120094,-16.719448012779413,11.482130765647296
tt0493459,33.93587463052246,10.834377683249704
tt0077269,30.30087593280364,-10.924262303369142
tt0083767,1.3844476815642939,31.269510734492364
tt1116184,-2.458476792332525,30.716434913489092
tt0095444,13.658454954183725,13.575687915441677
tt0070544,12.870158084793292,15.573616615106507
tt0070917,-5.480951838988998,-16.22597598136606
tt0379786,19.469556111224602,12.025554781338332
tt0092076,4.301644090832545,-1.5413898105543085
tt0785035,19.463906233655123,5.747716256305327
tt0055018,-9.56742067308303,-9.963067879031168
tt0118111,-14.394332055076891,9.348753831349915
tt0386117,0.615366817203848,20.191449468167917
tt1155056,-19.573380419530345,0.6620170909886666
tt1135487,7.331837227127079,-5.768692691829798
tt0375568,12.386671159514998,9.120869996406782
tt0421238,10.83847255334885,-1.1506857905630952
tt1091722,-24.080816888557823,17.116305344904877
tt0297284,1.7218356050399521,-18.620376115456363
tt0081283,-15.82829501819761,-9.456775277184196
tt0093378,-16.82739119920324,12.919506786431564
tt0081534,-15.307154507471065,6.529797679722959
tt0077405,10.15470682305476,-0.6076998911862633
tt1069238,-12.253103274192329,14.17800972039266
tt0078754,-14.242358721165134,10.196445026332208
tt0097814,-12.305782177029068,-7.689855748501536
tt0762125,16.457603698942926,11.908367690279645
tt0361748,30.123507493094408,-3.2519534331853217
tt1127180,-7.0495470839756305,-13.765813657640335
tt0071222,-4.578218280172241,-9.92328871700719
tt1197628,14.909254738130356,-13.236407980485462
tt0473705,22.295250970058596,-19.001769245416128
tt0974661,-23.781448247342766,9.470270737317051
tt0042593,-0.21334187264605,-15.945431659531401
tt0440803,-6.944622048835343,-12.67046390235182
tt0275022,-31.123617918537064,4.011655792475797
tt1160368,10.597924350822666,-12.460518185646007
tt0058946,32.770063368476755,-0.2540843054780528
tt0821642,-0.3675426226889552,-19.14604618133298
tt1198138,-21.71623277853427,3.32257647082435
tt1082601,-13.11207230142124,15.686557159511672
tt0083284,30.90366662986393,-2.8876247673854256
tt0408985,-15.647154968828868,-14.205650224778093
tt1182345,18.749671592269785,16.09010300832526
tt0078718,0.28508409015235914,-26.724583706742063
tt0368226,-15.740668920992496,-1.5680358124655749
tt0461936,15.502035108385527,-10.823413787705736
tt0065126,2.6748080902568523,-15.631007247313226
tt0983193,2.6356493594378936,25.48555605165939
tt0870984,-20.74745196189453,-13.632730215998118
tt1045778,10.537359857689507,21.708359572776452
tt1136608,14.247229124124301,13.784437949039273
tt0085750,15.351415692114172,23.631432844680262
tt0074156,14.376724539237895,-10.282813227374213
tt0063385,-4.736810264034838,22.565508653829177
tt1083456,-36.649801717803506,9.574932829762146
tt1067106,-35.32629399778176,-8.105763727941607
tt0247586,8.635113462229214,-5.340131985375815
tt1114677,-25.23635642309078,4.713640137106549
tt0099703,-14.733250148160502,-14.876134488246601
tt0046438,-21.930006299986438,-15.930035486656841
tt0457400,9.324559106388342,20.123560232667366
tt1259571,-1.7158839491436377,9.211513056597926
tt1041829,-23.784713218167933,-11.05357627200837
tt0962736,-5.19250881122729,11.912987228839075
tt1078912,6.816307237791628,27.281726656959986
tt0844708,-1.60162279087548,-13.334374256856867
tt0119237,2.961785866922923,10.31036439078658
tt0889583,-28.79182066921293,-20.70443242032539
tt1111422,13.55355415624138,-10.818752242308861
tt0169858,27.035858262300827,18.158968366559467
tt1034032,17.415079371819,6.147953864418913
tt1172570,11.576717052113189,-23.911063620671264
tt1286537,34.353491009895464,10.931027525246023
tt0306841,-24.963910948684006,7.0333312770050025
tt0492044,-7.71137039247956,-8.724223985738968
tt1119646,-29.64294594058518,-3.2079887829510647
tt0800320,23.31656112842129,8.845791645856936
tt1131729,-18.3326735436017,13.909556229430734
tt0063227,-4.763539286964245,12.110928506377508
tt0113670,-23.718270440228242,7.957382623612926
tt0100258,5.759342230230108,4.33476143785089
tt1176740,-25.698753403816813,-8.282888999030375
tt1178663,-20.766406266352238,2.2632197622369574
tt0112870,-8.68483406149441,-1.4768732855591298
tt0050783,-16.27836277609263,-12.798005613861129
tt0080319,-0.46745185784727133,1.5451546031714396
tt0040725,-21.782878348006157,8.476418380279146
tt0436339,3.062402266291748,23.42218772417136
tt0374887,8.30053334117085,-14.039340255344667
tt0106333,-3.0662579112410606,-19.755681274091078
tt0169102,29.268649359974834,5.047964859204356
tt1280558,28.349117626116797,-12.357532955026599
tt1226774,26.378027246771563,-9.093134780443556
tt1032815,-33.09417307242806,7.023594028543568
tt1188729,18.399069938931117,16.929003357860424
tt1078940,-23.57118579828426,-7.900018065940414
tt0433362,8.202579043360505,5.896781949765138
tt0814335,-25.01329263285488,-1.0097854750304331
tt1156398,5.241109383264256,3.7828506196536784
tt1144884,0.1273765569634285,-0.7963739114161987
tt1022603,-25.38395546271316,-2.0718615975134544
tt1186370,-22.29432091598185,2.048964460973069
tt0986263,13.439961467439609,7.135250756095766
tt1131734,-34.58817733853439,11.93721208612958
tt0499549,17.321487690502387,11.32407923948385
tt1093908,-24.331557170609972,3.4324064010344437
tt0097223,32.5916425789914,-9.820503100274298
tt0073582,-0.22325456246477282,-18.055414346284483
tt1262981,-4.816242827008603,2.607201086882026
tt0165832,-17.679205432127816,2.4695218780131496
tt0033045,-30.98676986200996,-2.9323361629340448
tt1323594,18.984561815006895,29.555261693701663
tt1187043,-24.559546413690857,15.562359914167278
tt1037705,15.63635620499819,9.663078363403384
tt1104001,15.53869309106802,4.593639213196675
tt1075747,16.84745627689229,-4.761266940616415
tt0115988,-7.249457650540665,13.676739655642585
tt0955308,12.375450651761915,1.3093582842878941
tt0110364,-20.45216810780757,23.925338700620024
tt0898367,-16.227592196051894,-18.948161088749583
tt0179116,-30.448355272188543,7.5823322776587005
tt1201167,-12.040953021355293,20.27879236351702
tt0180734,-18.28346165489698,22.165231750169696
tt1142988,-29.605576970482286,-15.412991599237612
tt0112453,14.921605174330573,19.2636542565432
tt1127715,-17.698455345570924,-21.568288709530698
tt1148204,-18.24889803754388,-11.893780312796075
tt0164538,-24.08736265534183,-12.910590144349035
tt1324059,-9.141663824721432,1.5525170208927608
tt0118849,-13.485734785597444,-5.3242507509651675
tt0844479,8.331841386226431,-12.379005821184915
tt0107653,-2.7462072723468745,-1.2265528600480453
tt0456144,15.29924129645654,-10.88017773870101
tt0082933,-8.086296891137591,-17.97438278043581
tt1235166,12.340479207835408,-25.24883785104461
tt0242519,10.380987663612183,-8.551443828282368
tt0081562,11.912140361262981,-9.86929200189377
tt1226271,-21.2481539409246,22.7690920925348
tt0036342,-25.630257665355913,13.506363720586688
tt0844286,-14.86948968184231,14.798851630672456
tt0107985,-17.441208278484964,23.303775310078382
tt1185836,-21.66130579364084,-3.0320475291544717
tt1232207,35.46780940982649,9.608470981509146
tt0346631,8.165293556298863,-15.624125017190241
tt0060666,-9.334587797847028,-8.881055599553699
tt0403702,-21.594782121322517,5.454138507574247
tt0118665,5.2698257921747755,18.576557348316438
tt0910554,-29.743442097149124,22.22382407613365
tt0051207,16.01018159185382,-6.081520666830615
tt0762073,1.4241976243016825,6.254206294315043
tt0446029,-26.090002277085738,-1.098203718641502
tt0037382,29.320548022385438,-5.363253079935313
tt0365929,15.491004930288549,18.220393930602622
tt0844471,9.331530128093355,18.222165332843826
tt1172233,-6.947558871811066,19.35323813469476
tt1197624,4.520472369253993,-25.0537132455039
tt1233227,8.850512519963395,-29.11302018825641
tt1300851,15.59332937905579,-14.164941315730795
tt1220198,6.954839205118778,-1.682245927546301
tt0362478,-11.6851449222508,-8.952442248443472
tt1186367,20.052254198539302,2.9378278923663483
tt0878804,-20.99379504127023,21.120820755138855
tt1038686,5.534269626254238,5.495039207265077
tt1230414,-24.30803028863622,-4.2781365446428845
tt1135084,12.396411336066315,-12.283493869346353
tt1193138,-11.175693473786767,15.477135349483186
tt0976238,-28.889606328108364,-12.116817687700419
tt1057500,35.79345843235705,5.0019765241470076
tt1259521,3.3767807224558353,0.8639375627502408
tt0989757,28.465525428938296,-6.552026488017033
tt0947810,24.582031144439814,-5.547075606436631
tt0808510,-19.153097579076285,25.16618828136962
tt0479997,3.832366370431046,4.571529028968999
tt1231587,-4.564443894555491,8.833687910585635
tt1058017,2.6257871155649926,-7.853859969488024
tt1313104,20.18082586476936,19.338403646048107
tt0840361,10.929910481104788,-12.45961007153001
tt1403981,-23.2396548801116,-4.211707325193301
tt1273678,21.78904984471213,-14.232986388944138
tt0862856,-2.3126689962118436,-9.997742886019463
tt1231580,-2.2238748999862126,27.058988520044572
tt1179056,-2.5283288827166777,-6.848529958528554
tt1250777,2.2186925456444015,14.52674112264888
tt1235124,-15.249881123449773,6.180650835992899
tt0376136,-21.31407275670171,-0.7843148679314271
tt0978764,-12.20395727646849,-10.039326529632525
tt0985694,19.93598454632142,-18.645314653631903
tt0881891,-20.656641112991686,-0.16171441920049434
tt1385867,7.4736729707384555,-12.87824220515091
tt1020558,25.206113017346468,6.895662101795955
tt1179904,-5.630141397698167,-9.275783902437812
tt1294688,-22.87573339239722,-7.4160406807889405
tt1226681,6.210171983312268,2.9801586612681583
tt1325004,-1.6322313814526626,9.214791269865803
tt0471041,18.55917083667886,0.8209719582737832
tt1205535,-30.64378825259281,2.8432180146052364
tt1311067,-3.4769835414635364,-8.628022526906038
tt0084855,-0.10096245414163722,-27.519720140437226
tt0978762,-24.810899902735567,0.671895277125721
tt1216487,3.479996314234384,-29.110997935824923
tt0450405,-7.290762825728661,10.252658475165298
tt0452694,-14.760608294585582,2.9265618673266944
tt1286126,24.214571628312775,22.448239343393826
tt0848228,17.661958165314083,10.445743882561777
tt1314228,-4.4767317890455764,-12.75136340121943
tt1232776,-26.95574681532447,7.213465289294184
tt1174732,-26.642620512776986,6.567111314427634
tt0109127,-17.415083706686527,23.173638651560033
tt1135503,-30.122331910713903,-2.6983173239507106
tt1190536,16.49551185050242,-7.841451453192389
tt0067328,-29.13647341781736,4.740434888657682
tt1216492,-29.38182350087344,-6.346921579534121
tt1263670,-15.862962970796952,11.59365951750814
tt0091251,33.59242069076489,-3.20702970881663
tt0077713,-1.8145352219508202,-13.806906387314834
tt0043338,28.673478610846335,-19.91654082554248
tt1305806,-17.759368318158877,-4.476617280546449
tt0899106,-10.982040646176577,6.160847607065242
tt0806203,7.60394481419312,8.53677358675474
tt0929632,-23.40969831375449,6.817944214704435
tt1289406,9.575725536147836,-23.059496165067358
tt1172994,-10.690091677151493,-4.8105772423610915
tt1188996,-18.587321300266478,-17.08489647184741
tt0780511,-17.79437353117891,-8.861823225431982
tt0066763,-3.206938684486307,1.0479926171064389
tt1424797,-11.499343897498195,-13.393189976454195
tt1127896,-17.72857307651057,11.178814148933714
tt1462758,16.860996957579548,-0.3851200361841567
tt1179034,19.794745975066913,-13.460574104285618
tt1210042,9.470857763008077,-19.493493157046363
tt1186830,26.619717392750406,7.801842709270022
tt1187064,17.4574671760484,22.798029657197386
tt0065724,-23.995451134842117,17.33883681056424
tt1232783,-1.8757905370036037,-10.856323963276607
tt0116905,13.94936158719773,-5.524957425065031
tt0074896,26.857068303023176,5.981416757802816
tt0116231,8.62914396762823,-16.12062000021006
tt0105643,-1.208072976710712,11.33365477680016
tt0485601,-0.6933549744281401,14.417249113677833
tt0963966,0.4081957737335921,6.20745244277052
tt1375666,6.3698107541927325,-9.820321534648782
tt0384116,18.918117976360715,12.020103663564635
tt1038919,6.367126028647896,-13.661528507086375
tt0944835,25.124170354707694,-15.896490368196236
tt1320253,21.500988067713017,-6.3844398622722975
tt1440728,17.78004869807066,-22.038531758581396
tt1386588,10.557432212051893,-19.28137551772285
tt0472399,19.67841459993597,-23.13727341376852
tt1234654,-21.675232098559544,0.2817718532977879
tt0935075,-19.323862151463914,-11.703766461449122
tt1017451,-20.012793924705612,13.491530857734764
tt1149361,11.645279683632628,-6.091434837413075
tt1171701,27.255068061203346,-9.460766300714363
tt1174730,15.533240142017439,-24.747875822946355
tt0790712,28.279203964823555,-7.423979294071228
tt1028532,-12.069472669335967,5.138672180649636
tt1352824,-8.133433919601886,-18.235134603136892
tt0795351,-10.708657765169999,-7.23922897447392
tt0104466,-26.987755588712343,-3.7045783213680474
tt0037884,-9.89545907910651,5.29576076863164
tt1474276,-25.70584546506337,9.277375754579461
tt0078908,-6.549003013728651,-17.09214891328533
tt0018773,-12.038897947633453,13.349886033128117
tt0056732,-11.664185529989483,-21.07592358362324
tt0455407,7.345103392393267,8.832427702433023
tt1258197,4.677753647514762,7.0105623844951515
tt0810784,-16.33792396465231,3.775197115521281
tt1216496,-11.593942068339885,-13.819195478295685
tt0063462,-14.481639289713529,15.770607410553144
tt0072271,4.0762967838375985,-1.465204420675528
tt0470883,8.584667133430628,-10.193369652099554
tt1567448,38.14369007014539,3.660143501606227
tt0093818,-16.682646389593298,9.684700611922016
tt0485947,-4.702241634224395,8.663160735387743
tt0270846,5.260550630549087,18.56869075332494
tt1244668,-20.26430584651204,5.947440422911725
tt0053459,-2.6792373937558,-14.075008478251881
tt0056111,33.04653794217791,-3.3181602979425033
tt1053424,13.366408577721602,6.181365615427392
tt0375611,-20.94509060873996,-21.8716862053416
tt0814255,22.564551232771656,8.404219192038658
tt1226229,-25.922077387859307,22.165055472435913
tt0817230,-31.392281791688635,-5.033287656486786
tt0970452,19.534084929495634,5.878094514785368
tt1196141,-33.31102790742173,15.115220431938887
tt1242422,34.01176387246345,1.9589746210679615
tt1266029,-17.327569422769805,11.906779361069267
tt0113326,15.109919650433662,-16.906734936475008
tt1343097,3.2563404847776165,-28.190863690799528
tt1027718,7.176814472977106,-7.656077250610225
tt0815236,-29.45800901650044,-8.023330019770468
tt1073105,6.422152050349854,8.367543639537447
tt0429493,24.876720792172215,-5.164088534413126
tt0088323,-0.33006163472659245,14.677632290938618
tt1191111,-11.926203937584924,-1.4276368330115063
tt1315981,-16.326923206828063,-4.068764225877413
tt1303828,15.230091591812048,-7.2990747675152505
tt1321509,-7.252000165328321,-3.9008151602220837
tt1212436,-27.161257723226996,-10.045212945294432
tt0480255,22.55785850520115,-7.5089180773563236
tt1424381,18.30282525845073,10.233647771824895
tt1415283,-12.292206617163773,-3.9097255402276168
tt1279935,-24.834789013115206,-4.962539180248471
tt1294226,-22.310515325198832,6.476980573600673
tt1220634,7.620463933517958,4.808666047956031
tt0838247,-9.530970541115288,-16.31054291263776
tt0381061,18.914153374852077,-11.016143564325171
tt0187738,2.4071684797911743,7.152521882485826
tt0110622,22.995752468997345,-21.284776024884398
tt0143145,20.176133824341964,-10.448117618942096
tt0120611,2.3349218890557015,7.234890253295929
tt0359013,2.091827681840678,7.183302840647867
tt0120903,10.219175606039547,12.39380115011543
tt0290334,10.229191726331377,12.695131321947557
tt0376994,10.248033328238682,12.718678938579504
tt0246460,20.574781655629945,-10.855736563892883
tt0086006,19.801092421794134,-10.498911146587387
tt0073629,-7.3772951228112476,10.181776383205523
tt0081633,-1.5902473786750682,-30.053088323419434
tt0111503,21.71932840222188,-13.967790818126785
tt0892318,-20.298134352164084,-1.0211355412675234
tt0106856,-13.716230902734443,-15.858066289229074
tt0120855,7.6392924735862096,22.85358730373202
tt0095705,23.028974499936478,-21.17227186762785
tt0102510,23.16035908382823,-21.31183298508698
tt0120382,-14.757409336446932,12.383312095701388
tt1467304,-0.2586873373600449,4.1839440206357486
tt1360860,-9.781102375913235,-4.173163131825701
tt0106918,6.640801512249048,-17.600375274137654
tt0061722,-25.48293969825349,2.683634252215924
tt0051201,1.5381033115246607,-25.614442117454885
tt0954947,14.06438831626792,-6.18517019906973
tt0816462,20.526878597340694,7.1403499963301345
tt1386932,21.753029542547136,0.7779675041425499
tt1341167,28.185039860533738,-10.037867270082659
tt1167638,14.968246020930124,-8.771968355253764
tt1650062,1.8411819008443282,0.5483420869668173
tt1017460,12.737163489551772,15.58097038911614
tt1243957,-17.147103715502116,-3.0550356891508152
tt0026778,-14.789923796548964,14.605773148335624
tt1074638,19.993738666341184,-11.090213958707249
tt0482527,3.2002882102976513,17.20546111803932
tt1282140,-29.70846462301128,8.668721027711896
tt1261945,-24.856970474971664,-7.080880090318285
tt0113824,-36.47028208307817,3.373904928505043
tt1285016,-10.479615949835289,22.760704410909455
tt1103153,15.554064014875236,-20.727398124478036
tt1013743,1.8378518956596805,-12.309420070658028
tt0862467,20.73775820564342,9.2543233484308
tt1149362,35.092967186345014,-3.0794536276464366
tt1470023,23.257438436112324,-10.869574494285972
tt0495596,-0.8071098409931449,14.934499060049015
tt1438254,-26.01675451584226,17.756380032114564
tt1253864,23.5160173685099,8.314439707539957
tt1182350,-21.673080005432748,-7.54805371443902
tt1385826,-7.294682042432035,5.193044963725847
tt1001526,6.921527776005865,14.261388781486298
tt1322312,-26.726440629672517,-2.0523673007172847
tt1152398,-7.728484021007753,11.452806871866745
tt0983213,-36.070063370914575,3.3989438852297886
tt0879870,-19.858795335164327,-5.937238113551309
tt0914863,25.329541599194165,-12.314525907522924
tt1414382,-30.064781899857433,5.124347229111913
tt1222817,4.506014401363389,22.946520109925117
tt1240982,-4.781432714442773,16.50721506997915
tt0822847,1.874930728430616,6.4042185065925485
tt1464174,2.953906744422625,-14.287473789955841
tt1399103,13.020390893131832,10.228562910538265
tt1126618,-29.698077393279235,-15.515764313591212
tt1320244,-5.457781747427533,-9.76064330476143
tt0977855,25.63216834067332,-16.02111749671118
tt1375670,-33.188027135305134,1.375106065663497
tt1055292,-26.460606551548146,-3.432533422328976
tt1535616,6.202337057690989,5.016440814946798
tt1379177,-6.205534478202141,-21.2153157214648
tt1233301,13.311496108185613,1.5219441641931166
tt1155076,-26.12689623347406,12.775050923297842
tt1229822,-15.903110438312288,2.855923930296781
tt1502397,14.263653225107344,-15.425482807050036
tt1320261,14.410972149605575,26.524067967111673
tt0398286,-2.6860320200372896,17.482643583842744
tt0427152,-13.086870511575677,18.643652102762577
tt1379182,2.8503472260170537,3.4848025608871667
tt1251757,-13.353547619865475,14.416291215091993
tt1399683,-6.07456733419046,-5.594596490874423
tt1336617,-22.98866211294608,-4.955415303329435
tt1421051,-15.46457097070788,-3.2910034393141423
tt0433035,-16.26000587907166,27.985581874521962
tt0970866,-27.60811660000302,-7.877375294644266
tt1587707,9.412679246798872,-5.659606240030732
tt1028576,-15.123996273171466,24.792296762207382
tt1092026,16.457027141370936,11.770310948683825
tt1245526,22.706279251826818,-12.251228527123207
tt1598778,9.097467142780157,3.999659196731081
tt0842926,-18.334209824285644,-11.035969546305411
tt0247745,13.191777560641198,-18.737827569836426
tt1666186,-29.62766340797044,6.476917384431225
tt0990407,6.490268631626317,-12.50484405207966
tt1306980,-14.357224865270904,13.402031431981827
tt1285241,19.746556885557098,-7.908591404423698
tt1409024,20.382509328216052,12.490830068699768
tt0775489,-17.631941381866092,-1.970674705476592
tt0889573,-26.18597848213471,-11.821450290335324
tt1465487,-30.236923507701444,-8.983042647041295
tt1181791,3.857130458398547,4.518964536084091
tt1219342,0.3058787925626339,17.611748825306254
tt1193631,-24.005709478178957,12.680776956451503
tt1433108,8.019073886423882,-16.89070855100146
tt1228987,-2.2851924377903208,7.15474678981595
tt1536044,-7.561585746149509,-10.142546709159042
tt1477076,8.792167202236259,-29.238261526305784
tt1262416,-3.7290774497421033,-10.065027012475383
tt1285309,-12.32091215032572,-18.752130690584185
tt1179069,-2.28715638199455,-16.004788875770284
tt0472181,-1.441114190833152,19.047605369227135
tt1562871,4.345802099666896,12.113743199537947
tt1196948,-18.24503927485705,-0.15066309746184375
tt1411238,-28.16997637124173,-1.1564379096663937
tt1231583,5.730013762981535,-3.625962093618886
tt1334260,-29.29085393828805,2.6778558063574374
tt0411951,19.347786806928024,3.654241320576109
tt1584016,-26.617201038378873,4.5515683210230105
tt1126591,-19.091002703052908,7.081443818588032
tt1564585,13.619237016145322,11.96936061021546
tt1341188,-21.907525493067954,3.124965078755705
tt1289401,5.9878847890602795,0.15113359252223932
tt0758752,-24.701231230020582,-0.007257022530632167
tt1458175,-2.9311619691047497,-21.14018846716221
tt0997152,34.073385861248326,2.442534802849388
tt1452628,5.9881159650927085,5.357681913833124
tt0464154,11.817365144117835,24.398206488222147
tt0804497,-25.577404350673024,10.15428350487103
tt1456941,1.7488596456861991,3.4448364353182557
tt1470827,14.408189493039782,14.777197700288683
tt1242432,-21.994640313542085,0.27626724718687323
tt0817177,-29.087668755683218,5.825040229050267
tt1596346,-26.097830816588353,18.122612935600653
tt1431181,-21.627216462495017,-13.70571043241468
tt1314655,5.489353340527665,7.0390084051206765
tt0477080,21.753896153911906,-4.9838559619457
tt1423995,6.948179443987666,-15.031150425427258
tt1542344,23.11294033410866,19.789433772228236
tt1172991,-28.466891315529715,21.96013059780117
tt1235189,16.256735101479617,-20.736589918218094
tt0947798,-21.82550578512099,8.508376806221934
tt1641638,21.482218354019405,0.8704804392091005
tt1403865,2.685051786324771,-15.578939435328772
tt1323045,16.33353168415094,19.891927248024707
tt1620719,-8.785916151064168,-2.5039809142376894
tt1578275,-28.2747870436262,-1.7853203871064038
tt1212419,-17.1722711620435,-10.021624373635095
tt1313092,-8.53540792438772,-4.603839676003815
tt1645089,35.05140071219324,10.460767673682557
tt1340107,-17.344522909150697,-9.57880912126527
tt0970179,1.6996285624816427,16.547968967855816
tt1440129,17.92338337171809,11.555644362162816
tt1403177,-11.332488309581938,0.43816004898867583
tt1462900,22.071683097991603,0.666644212269931
tt1192628,13.762018257710706,-1.5144867739520842
tt1133985,10.947446854514745,13.688148021792106
tt1217613,17.40516311686921,11.210367409748097
tt1529572,-26.76305993131749,4.609357969115078
tt1833673,11.28967092898882,-10.425319074880694
tt0798817,2.3461204032500493,-8.190873690077249
tt1244754,-3.2790692428430552,-16.604016409149192
tt1512235,3.6632302371051337,15.8253022907855
tt1440161,-10.284147411832093,-17.14555424445753
tt1411697,-29.702094474406625,-5.031155395730093
tt1504320,-4.441372165929261,12.027248662134083
tt1639426,-8.290267206948029,4.225373931419012
tt0964517,-15.52111425856008,27.35027735144046
tt1586752,32.08120445442479,-8.188018423775333
tt0945513,24.688529316145377,-8.618240803140754
tt1612774,3.994217056902212,-3.365645481951824
tt1369706,-9.360257945075253,-13.355671754806782
tt1531663,-10.000998405418558,4.729572827392402
tt0377981,-5.4157641708321265,17.24879672663506
tt1164999,-6.267553829422864,3.4834064762235197
tt1740707,3.0542830487865906,0.7615293933972661
tt1436562,6.405016152627968,24.55526752251238
tt1270761,-11.80398844722829,-7.996389122909952
tt1316536,-32.243480076998395,4.7658789561505985
tt1175709,4.5895647990558714,-19.87278913848606
tt1032751,16.639356943506357,-1.1849641258668415
tt1464540,14.799178684769092,-1.6698046417726382
tt1120985,-25.56597166884272,-5.164040284252876
tt1255953,-15.856611346779623,-21.604099596116775
tt1465522,3.308690398067171,-0.12743883945010273
tt1481572,-25.026653633161576,1.638787946947536
tt1502404,-0.3967351439032086,-9.312373191261475
tt1555149,32.638305517974665,-16.370526629830604
tt1628841,15.348005192962923,12.682424693649619
tt1606378,19.555005607604347,-15.630888002551659
tt1293847,20.464771157371043,-5.532079869280331
tt1401152,-6.237794122181767,-17.800245324510918
tt1161864,-4.2029474912758245,-14.456530147162846
tt1571222,-2.091833102378534,2.6221973244758305
tt1226753,32.11192390704393,-6.0413801574696055
tt0881320,18.992026459557096,20.647072095649797
tt1401143,-34.39226271180184,-6.626514446838861
tt0873886,-31.79330664119921,6.233101150249219
tt1213648,6.927515409326029,-14.849129989521979
tt0480687,-28.751440081329147,-4.113986792118294
tt1023114,30.652874482635255,-2.5204830677834646
tt1640459,15.14305360257665,-7.165526543690159
tt1334512,-17.893046068340944,0.4997552839086195
tt1216475,-9.048991931174402,27.530050316997972
tt1480656,7.57782826369994,-9.93402885094768
tt0829150,0.5242866900721045,7.926762443740484
tt1591095,-8.038505301172759,-9.619674289239578
tt1440292,-28.61467433888034,9.627900176432266
tt1448755,22.42514512599419,-7.622573646420077
tt0491152,-27.679100979559532,-0.7186465850639571
tt1345836,6.206616750813502,12.950402514529216
tt1194173,20.91496595000988,-13.225236525467777
tt1454468,17.895314162098995,16.215254255219143
tt1343727,14.996649665118705,3.5973456992726334
tt0903624,6.192392438365548,29.99846243032767
tt1302011,21.832210480471748,2.283640660106344
tt1034389,25.214842359907273,6.951270493784083
tt1340800,23.498960813472333,-14.556529778935996
tt0481499,8.184908000853289,20.542415831380975
tt1488555,-27.04868168933157,-14.793549588407231
tt0770828,0.9886815220458798,13.508804111053069
tt0790736,8.038370418642993,-21.757925367280453
tt1547234,11.010576883538528,-18.03839231408527
tt1568338,9.121664930488889,-13.056421948387014
tt0401729,17.934061914749726,12.954370279818018
tt1637688,13.738615725329737,5.850082321208021
tt1270798,10.183728040687072,12.678803023320807
tt1486185,0.40836560277418266,9.072055890932715
tt1588170,0.5997420490790892,-15.972670172770252
tt0409847,15.593252108686869,-1.3008628412028649
tt0120910,1.7070581337226636,26.86799921456713
tt1265990,-27.46181864119178,8.228852134359528
tt1454029,-15.640898827128822,-23.235251107355676
tt1189340,6.916846128497292,-9.354891180812968
tt1772240,21.699434286573016,17.30718649329599
tt1411704,-5.762368827190537,25.67636558199632
tt0993842,24.3027079112555,-15.611599810448551
tt1632708,-28.922608155001885,-1.19039825117497
tt1564367,-23.194069210818917,-8.58831332676023
tt1324999,-1.6033534235679372,9.04785264739632
tt1673434,-0.8162295140256508,8.655153893718591
tt1570728,-21.81559195901604,2.362363492291904
tt1655460,-20.788334526463412,-13.98106069564317
tt1334102,-17.188018131165336,-14.22714486572701
tt1703199,6.648469567352665,0.9501893736901192
tt0810922,-28.137645135438046,8.842347546534869
tt1668191,5.974320305628171,-21.218806025358553
tt1321860,-14.580258261891293,8.41758091274809
tt1441326,-11.238812235042067,-10.362100081065837
tt1615147,1.5098595921168396,-11.286482486687675
tt1430607,-34.38064455288056,-6.59894649777687
tt1416801,16.062925973041192,-23.010176356158503
tt1600524,-19.47855467155991,4.30274424251153
tt1596343,13.081359304322113,-15.77674458254501
tt1499658,-33.63172227498116,-2.0130322058883157
tt1527788,6.228737202022013,-5.7189344754635485
tt1568921,-0.1825728320820313,11.587639681183699
tt1563738,-19.738953385383695,3.9920476125096194
tt1219289,3.380415360696527,-6.249271024579615
tt1439572,-16.58921422908024,-2.5306472735198446
tt1464580,1.5575597804849244,5.704063109402284
tt1477837,-11.025682396645477,17.069675312324158
tt1512685,-10.03124365150529,-12.629279756854933
tt1284575,-30.03399978398568,15.295513742441875
tt1509767,19.47047115265828,-1.3761522266831445
tt1496025,1.8347420599223156,8.5745578913471
tt1253863,23.923476202975166,8.120015384310857
tt1440345,0.03381509000483437,-17.454548229999535
tt1598828,6.317381241056042,-13.819002653606658
tt1408101,19.20252800875104,13.427363416622722
tt1590089,-10.377338344908459,-13.741596221255712
tt0760329,0.10190979540002797,14.58784563904007
tt1702443,-31.94625294619165,18.834465667687063
tt1615918,13.16955650550792,23.38129702841114
tt1532503,-25.895776021600298,-2.6589945058774913
tt1549572,18.664318532913708,17.153649805098183
tt1268799,-33.23798122447635,-6.618709856745433
tt1478338,-27.992838281713297,-4.39833097439855
tt1606392,-17.181014901719962,27.16678468368802
tt1622979,0.3859661553415999,-0.38774303159823836
tt1067583,-14.686644997764711,8.539993184056897
tt1297919,8.069561622841988,-21.469752794196644
tt1229238,23.91895481610808,-11.345799288064953
tt1625346,-19.17501755309915,-4.7582951809091725
tt1170358,6.169631440609316,30.004822080962228
tt1646987,23.311126463450336,8.983373700605672
tt1210819,14.622941065779548,-4.225260936916065
tt1568911,27.357857932571935,1.322959809819024
tt1636826,-34.276644685738056,6.678782256805579
tt1366344,-8.452302873323408,2.6414188889592167
tt1667889,9.238228424342148,21.71738424750597
tt0270053,25.37523443648611,1.617649095602176
tt0109117,4.630225432146968,-11.592427266881689
tt1438176,-2.201358249795618,7.123381784829536
tt1396218,-0.35633015481554836,28.440348937923524
tt1634122,20.874776209164082,-11.609945581712779
tt1374992,-4.296257976578622,6.178357923155004
tt1594562,-7.820957499640672,-11.362407741025102
tt1374989,6.745910763910529,3.359321347043687
tt1424432,28.409607168670437,17.24355701177463
tt1515091,18.651828955380328,-8.238021552442728
tt1735898,-3.20645808477734,15.223565052950669
tt1436045,20.677811036307986,4.054498373471001
tt0471042,9.98923262439158,-11.234231735883478
tt1605783,-19.29115695032204,4.09559981381838
tt1291584,-16.40768078981528,27.602847846452125
tt1441912,-6.046579853084449,-0.30420971591282164
tt1478964,7.4735702570421685,9.844178581551411
tt1650554,23.30682591380461,3.9555582491505294
tt1067774,-17.948573985736733,-2.2181548910535245
tt1583420,-26.92681934863728,14.412573048288774
tt1599348,23.02264757136677,-13.696770872496906
tt1596350,22.382047686996618,-13.598344374219542
tt1600195,-5.533534959809611,-2.0966496474448806
tt1276104,14.031309920068109,5.862738852295584
tt1637706,-15.653213805546574,-10.642677495578148
tt1832382,-18.558009466702355,-15.540215535564908
tt1595656,-21.541127436347132,-3.433469881018469
tt1428538,1.2782520340286396,9.776970360004706
tt1650043,-33.31817385934019,15.11554734579015
tt1210166,-18.36188614924241,23.6188865448929
tt0968264,2.4862570132118487,-26.610421420309653
tt1758692,-22.518526738809474,-11.438177802829856
tt1764183,7.349675584180441,-7.788442601193711
tt0228786,5.036944949120492,-21.085869334624924
tt1234719,28.182846776831703,-2.834384797226232
tt0905372,14.592919817049445,16.785279709360015
tt0938330,-10.218862873060612,-7.553090702544884
tt1562872,-31.550386621562858,-0.3060709986978206
tt1318514,12.42800723164598,17.90755346274351
tt1521197,-5.923893952116378,12.742977255051876
tt1541160,5.63468935859699,-11.394441198501575
tt1217209,-2.406044759696368,16.211716562938754
tt1622547,12.221750627826905,-10.399647661555266
tt1453405,-28.04230812828942,1.6377778137746895
tt1077368,0.7506469776939058,5.923053146252468
tt1142977,2.0627653477088783,19.56300992339209
tt1527186,12.451587470994678,13.244828544760852
tt1270262,-5.930437673757778,-6.469381409010156
tt1667353,-3.342102257112032,15.443342118705148
tt1657507,13.87374061845904,-21.902818574854372
tt1598822,-31.865548222511073,-4.8968012343972305
tt1189073,-1.8569328217338996,4.655529735268607
tt0804492,-27.61794747785373,0.05028998179679378
tt0770703,-24.015317811561466,-1.316627705565472
tt1827512,-11.528589244076134,-0.10298339864000217
tt1204342,-1.2607298983894646,25.78324940730306
tt1588398,-10.548234383727587,-5.65977516874984
tt1386703,15.669520459185897,5.616837182418527
tt0999913,-23.366362922904496,-10.70067562348966
tt1645080,-27.539308185698623,9.667176543847678
tt1343092,-15.730767951303946,7.6682743151206
tt0477302,-10.380515673313756,0.5435944186166615
tt1335975,20.523769803676792,4.414699797516194
tt1232829,-32.614900909128764,10.222330351871094
tt1764234,11.500811361327239,-12.163055252936731
tt0780504,8.260464617819794,-10.801379497948389
tt1675192,-14.317702703789335,-17.75176614754378
tt1661382,-15.55722461433147,29.162004022979765
tt1033575,-23.1910815609134,-8.590267756896322
tt1596365,-3.2851399364120084,-17.805594859240287
tt1568346,3.435375123571885,-28.902762128011435
tt1402488,3.7393287022744492,25.384931011407154
tt0896872,28.124811258040747,-13.598306081349026
tt1334553,-1.6352114415212953,-24.78248974417703
tt1934231,14.678150303283122,-11.625105022322598
tt1621045,-28.17407969559324,-3.199586404495906
tt1540133,12.910353277151362,-18.566300706110944
tt1853728,18.03274485868643,-1.0656965003825902
tt1300854,9.937404575705449,15.162364045341729
tt1560747,-10.227985672623042,3.576823508784483
tt1535108,16.409356466188424,13.067187350378708
tt1663662,15.732654200567621,12.435325825335154
tt1924429,9.271630587093737,-5.040968675319273
tt1623205,-0.8358214923134709,17.397107550260426
tt0490215,37.73041676114458,-6.106482853831198
tt1024648,24.193534806356077,-13.011888401504274
tt0803096,19.687022402706273,10.056189823721775
tt1121096,-1.113635271404199,11.274330800621508
tt1491044,17.306059153299266,-25.11029917630222
tt1068242,-36.0604270300625,14.56258244758332
tt0119349,-15.735067781505396,-20.138363023436536
tt1462041,-4.451009627488597,-12.565707485297683
tt1716772,-32.4065082174103,-1.4236922127095586
tt1308729,11.89297566904674,-18.377634931673157
tt1392170,36.69062267769114,-11.060345302491285
tt1506999,23.623488128279376,-14.059049257843308
tt1486192,1.5122938585025214,-19.88188245643689
tt1674784,0.2911956644149563,-10.818848191358232
tt1613750,24.668307990229337,18.426698359722558
tt1614989,9.228208040992824,-5.001214852913083
tt1703148,21.173198082140992,-4.374618336597716
tt1446714,15.944042568066969,14.269059999883748
tt1093357,9.885490255053014,10.96532160962617
tt1605630,-32.26533069912993,2.495962247882675
tt1714203,11.79724922538356,24.403136863695302
tt1071875,-3.9841220449778953,3.2827845555600534
tt1855325,7.901636464058217,4.896226814425036
tt1007029,-14.413462032468956,-26.57341939556341
tt1242460,-11.703800356814021,-13.317869520633492
tt1462769,-18.209780300210575,-12.622623655004062
tt0810913,-31.510356196486764,-8.663665515943624
tt1637725,-8.21888261887251,15.422420067613926
tt1692486,-5.98040997125166,-3.146822372366086
tt0816711,8.334054798678928,4.918818774390238
tt1430626,20.426051511907996,22.313805570073686
tt1195478,-27.09254730169965,-4.355157727184732
tt1611224,3.2112484835521125,8.229912420348988
tt0763831,-6.629804731079214,6.581887557771252
tt1656190,18.524973252935904,-14.437425145200812
tt0485985,28.666963164722958,-0.25072994771034673
tt1397514,-6.08174502719334,-16.022543888778785
tt1583421,23.216728152440705,-8.610715547935722
tt1606389,-19.404506058640447,-11.317858357681278
tt1778304,-9.703150860695665,-10.956345718097776
tt1517260,13.405705465876688,14.387040928015118
tt1850397,-0.8352911027425809,-11.983825341602591
tt0443272,31.454760991122857,0.003414917550502954
tt1646980,21.370558660109694,-17.201299925336254
tt1726669,12.38961558257117,-21.469943768479077
tt1482459,0.27411744972954727,14.32134593995091
tt1273235,1.1086371717958903,-6.469315910766694
tt1053810,4.835357897378727,24.584647804412334
tt1912398,0.5157290012810685,-31.458547618905968
tt1683526,-28.904899390917034,14.591853563892084
tt1456635,-19.330786325515597,25.055734881360625
tt1389137,4.900827563490171,22.827216250438585
tt1412386,-10.522771094395297,-2.886540379548381
tt1655442,-16.43870924991593,9.039208709463729
tt1788391,15.409523488066833,-20.196446918423128
tt1827487,3.6160091809304316,-22.642678729681936
tt1530509,-0.3131124822233164,4.152779873062749
tt1214962,-3.4773775106820164,-21.534434398391614
tt1601913,15.587056285350807,19.872918297932706
tt1483013,15.650963263565606,8.564898834069128
tt1748179,1.086735138809815,-4.130823108018851
tt1670345,13.1140825671497,-12.960893272887215
tt1591479,24.158798594971735,-10.279544412088427
tt1783732,13.120720498490424,14.278801801009754
tt0790724,18.515352075544705,-19.254389884458437
tt1435513,-8.659011680014425,14.305849996171666
tt1655420,-15.085758478741148,6.829024549559705
tt1723811,-22.52591520940442,-0.23701417908862665
tt1764651,21.403979683639122,-6.282722928623564
tt1430132,10.667484336610965,12.098806614760422
tt2024544,30.781835809700205,3.2238013739550873
tt1854564,7.996720176456835,12.308980327205054
tt1981115,21.12345527334432,10.627807384522562
tt1392190,15.621063311253177,10.484106135008709
tt1560985,-4.2988814152103965,-14.874974522132094
tt0383010,0.3860067241579362,-6.126600671052869
tt0837562,-0.9743744366551721,7.752167817206073
tt1645170,31.54662747464525,-0.3233306974305439
tt1586265,-27.279763394116458,-11.416261965002256
tt1204340,-11.107291448626139,4.670405954878409
tt2016940,20.218685063155927,0.8064410298789222
tt1572315,-12.930490339597721,-8.861998442100957
tt1549920,13.070284728650263,-14.13974642149792
tt1921064,25.05933510723984,7.900528966961707
tt1706593,-29.956763150585655,11.978635629859822
tt1617661,11.797964860323798,11.134523108597504
tt1410063,37.43467311652761,-6.207358852112854
tt1855199,12.526093785475496,-17.75577534426091
tt1623288,3.6686274136094434,3.3921593755867465
tt1675434,24.22654470050969,20.736082278270008
tt1437358,-26.087888431116042,-16.87630529338393
tt1480295,30.26706326514475,-6.462989137361786
tt1426329,-4.126986451470853,-23.43753445257371
tt1524137,8.443534311607085,-9.06007686565487
tt1540128,-22.193429996620836,21.954190740625116
tt1327194,28.29979778631265,-6.665796197661887
tt0431021,-11.541199407634396,-8.719521899179421
tt1915581,-22.75932710378237,12.943574378995807
tt2017020,-1.4762800096078845,19.00379536173999
tt1366365,18.204399776902772,-13.470427209499576
tt1687901,32.64250927971063,4.6532695010749805
tt1860353,-8.436411076374485,27.996279112481805
tt1790886,22.54248534165367,-27.200785668920947
tt1602613,11.47628805755804,-8.32467749522344
tt1714210,-26.843763796381733,-1.2446567655173393
tt1839596,-21.14013784053937,9.79682515366672
tt1838544,-11.152645487622193,-10.5289940056876
tt1714209,30.245432400500626,-6.410410582166824
tt1298649,7.8306886167860785,9.502645051493477
tt1720616,-29.312844976524136,-2.4952101901290398
tt1772250,-4.528608621989753,-17.839757002359093
tt1592873,-27.22889633702249,4.760852782271604
tt1731141,22.568511208105047,15.431984994102166
tt1649419,-15.700504518740203,-20.120490791544995
tt1649444,-10.574215299710326,-21.004602468323526
tt1277953,3.96051492160211,23.50404477838726
tt1567609,6.727569508042893,-16.45647490580919
tt1336608,-29.899902890231008,3.8877459262952425
tt1772925,8.985484888634645,27.48095658121412
tt1351685,21.499507323693514,7.8774607088556685
tt1441952,14.116538645568873,25.02302903752121
tt1446192,7.7789705641825515,11.711278428001929
tt1422136,6.130322752170994,8.799070006039841
tt1592525,15.33583555455912,2.3096737476993523
tt1859650,-18.5484709427648,-3.5695258120518467
tt1496422,6.2889574291057135,-22.385396330765115
tt1582507,-12.019486369865461,-11.606730460685908
tt1922777,-4.449441861756227,-11.187301564151031
tt1615065,5.021742898324875,-13.492620561411657
tt1588334,-4.3110255930453345,-1.8291711037407845
tt1212450,12.404838482226147,-7.155730562180678
tt1588173,6.496625025322543,3.3117296036842636
tt1397280,21.041214722649652,-14.773202411525622
tt1321870,10.64443080188863,-15.654575669508892
tt1629757,19.98983533585235,24.803480367501916
tt1694020,-13.204472064224356,0.7410355603712463
tt1772341,4.063447614672872,13.5981910790033
tt1045658,-28.567740727941874,15.152017110717937
tt1707386,-15.793265653620479,7.850797605925691
tt1535438,-21.170110728615825,-12.86689755540284
tt1815862,17.658884652336,13.245465311066633
tt1646971,9.390336804346,24.26223068509118
tt0864835,2.6595313570169417,13.17730203036349
tt1821480,-11.10420143743538,-16.32979654814636
tt2109184,-8.504008983975861,-12.255533237473697
tt1905041,13.60114743839074,-15.738152661512599
tt1798188,19.09951892167167,3.1616926693809844
tt1371111,15.838747369808983,7.983615627932059
tt0252487,-31.285499095734583,13.181535531850205
tt1748122,-10.557477835082466,-4.342634117514845
tt1840417,-11.73843100528368,6.5836238096718205
tt0337692,-20.592900218895256,12.626801685340759
tt1853739,-0.3370877221317252,-10.959164651109587
tt1920849,-33.087582913242485,0.27327103909892125
tt2125435,-9.822799217683489,-5.654568437149639
tt1405365,-25.663913881590954,-4.86705016410711
tt1971352,10.426440730012835,-12.443429645454659
tt1763303,-28.75743870155699,5.839253465376229
tt1966604,-6.362503376704528,-0.6051871529599923
tt1872818,-26.073090937356422,1.1869657509952933
tt1990314,2.111095973040625,16.161115486911818
tt1862079,4.963221760750254,10.263724355510577
tt2125608,31.760799151133526,9.149734556164868
tt2105044,3.66602374183447,-11.359829529660486
tt1742336,-14.514869736093157,-7.021647918397254
tt1659337,-28.16249985859124,11.034052933737817
tt1065073,-13.140016363183237,3.740718067664642
tt1800741,-23.504829677586997,12.17776345196883
tt1450321,11.562819850773636,-20.644644753722122
tt2016894,24.547974271725817,-14.736935026798811
tt1787988,3.355340580678762,-20.523852289957933
tt1592281,-22.016731017693523,-4.701860943997389
tt1658837,-6.160091549337036,-15.250524360803091
tt1682180,-7.219081467219729,-1.9985729904014977
tt1727770,15.096634677338274,13.174308684021788
tt2042568,-17.56389102021226,10.522626268072766
tt1959490,-14.153148506573965,-17.84877353555888
tt2101383,-12.353016076141154,8.190741440688342
tt1602620,-20.26924704324947,-9.130156154794562
tt1931533,7.848274451933497,-15.024862889938104
tt1126590,-22.53476827735493,-19.452613539163934
tt1340138,15.245684239773704,7.210141614974473
tt1411250,19.71969517821368,11.194588440660791
tt1232200,-25.042757962992876,-5.966416025217517
tt1100089,-21.029271153192454,25.80176446662163
tt1381404,28.61034591684729,-19.88716906589441
tt1869716,23.89255520077167,-14.075476737845506
tt1907668,24.189078044598002,16.2298815401503
tt1321511,11.890219583229927,-24.186049287756347
tt1931435,-28.15170830741481,-6.683882715602862
tt1333125,-12.471434740097704,10.234912513135383
tt2083383,-17.659042185555112,22.747743274891917
tt1648179,-29.60714096094243,15.024330174596585
tt0454876,6.610988024027903,22.609442381250673
tt1307068,-6.418508701500901,1.6984390733422805
tt1276419,-4.9644058478020145,12.969306170827835
tt0373051,15.913406035993834,17.38933212887241
tt1616195,19.633997378892474,-19.782324259127087
tt1758830,-21.84620396980744,-7.843269564617682
tt1783232,25.72508058612212,9.431780475421597
tt0770802,31.740274261017586,10.980232935776305
tt1937264,-10.708077794447235,-17.35133447436032
tt2109248,13.076207634942877,10.315629241510655
tt2226417,-8.225574049826452,-9.753387024324029
tt1704573,-16.31378187794884,-8.389694582607431
tt1690953,18.978689752271542,29.55149290212157
tt1684233,17.358825638473746,-18.428676188081536
tt1991245,5.053144082369836,1.4209891692051757
tt1899353,16.291970879130776,-10.225466544964267
tt1712170,2.085774132907841,-17.128653895549284
tt1473832,-28.71511059693321,-9.44694879049137
tt1620933,29.326282815786442,15.37096826418846
tt1979320,-12.56959740410458,25.537393581982073
tt1781769,-17.344618903581683,-0.07566916528538793
tt2132285,-3.2861392490924155,7.898853817307522
tt1234721,13.500305810639007,7.893301124412504
tt1999995,-9.6124676820162,-21.554009982823878
tt2053425,11.328385249049486,26.014429250054974
tt1817273,7.385218830091992,-10.885249684131933
tt1441395,12.853488469709049,11.474095587982173
tt1258972,21.25793549744691,3.2616045696672273
tt1667310,1.2955572328604918,-11.238994773476602
tt1790885,27.588216480745146,-11.476138092116992
tt1235522,15.157252638301847,-7.218604191612025
tt1716777,-7.282901342505123,-3.8025582476408064
tt1291150,7.682338571997467,18.35015166388079
tt2395427,9.876887533312198,14.591454311798959
tt2096672,-18.97250641809602,-8.48591633359968
tt1418377,9.491105124467339,8.321383988753368
tt1843866,9.131891396671477,15.240621426705676
tt1372686,25.361528449774426,7.852980536810464
tt1951264,36.70492677294143,-11.06868814592583
tt2101341,5.820625668076882,-15.232317365277654
tt1872181,5.7411071816295305,15.228999102521959
tt1587310,-3.8773013256928395,14.7733759344308
tt1531901,-13.713656249676221,-7.830605998967632
tt0478970,17.23132710347367,7.740758613598141
tt2317337,-0.956940298834098,2.619265160389253
tt2076220,1.5667881869270341,-7.491727537899503
tt1839492,-11.031478675477802,6.171204716428317
tt2103217,-10.095183186700813,7.4705325367836135
tt2106476,-28.65722182406004,14.758673249736912
tt1935179,7.063952324480613,-16.196742308692425
tt1731697,-4.30194996059834,-7.830260121378544
tt1979388,9.342775517679598,20.45245086262242
tt1645155,22.413792936432483,-14.481741076523281
tt0993846,6.911986204789657,-7.8412975413007455
tt2002718,22.72359995125872,-11.181635366910632
tt1711425,-22.421705449528833,10.031275664941202
tt1211956,22.075302590132146,-22.92352743582911
tt1213663,6.589374302131421,8.535575076684712
tt2193215,7.32437245471982,-8.747445286421842
tt0453562,-17.03184344461097,23.666506453185303
tt1245492,5.0453918967250955,5.125375215836909
tt2191701,-32.2092550285368,2.648941648058362
tt2053463,-3.8932481173457956,-22.104826857699134
tt1535109,37.02590543681171,-4.281550600203776
tt1288558,-9.102783207404729,-11.082861684751816
tt2024432,6.6419150087076115,-10.922312386473832
tt1951261,-29.730187739404293,-5.695969797668113
tt1229340,-30.976715670519912,-16.51113128455664
tt2294629,-3.4866344747937386,15.274114303564708
tt1985966,9.301371862007066,18.207648864904105
tt1559547,-2.811027075046832,9.199906163674417
tt2097307,12.294697150455146,-14.601838743149735
tt1706620,17.594827553614543,17.254532931466578
tt1865505,-13.040995236123472,-5.732786339625321
tt2140203,0.26347878332111574,9.211824996468966
tt1937149,-4.554332055433648,-17.494432698853913
tt2103267,-29.56646755540105,0.8426380541098061
tt2205697,-18.260796770367158,-4.133368541035827
tt1932718,-19.57552394809147,3.702258564758266
tt2404311,15.713753451360219,-24.436671729241493
tt0975645,-13.241809740507485,5.929193026217701
tt1702439,-13.308271474452084,-8.774871689402861
tt1866249,-22.82111362680162,-1.3770160549112038
tt1981677,-31.577426817386645,10.50463610071027
tt1413495,6.062973499585009,-7.453301206142454
tt2357129,-10.637829404600945,23.207293556674124
tt1109624,7.567299800764047,23.682987962688163
tt0848537,1.6890476993688655,4.103224429329772
tt2234155,-28.340758601858905,20.80642868164616
tt0359950,1.1996147456748179,-14.001511735846142
tt2334879,22.540721949261222,-17.69001637835011
tt2302755,23.084787426413666,-17.126713006857184
tt2199711,-9.526366904875408,-1.4819878296844877
tt1954470,-8.22027544748046,-2.4853664684804544
tt2023690,-26.04200542689682,-7.873047481929614
tt2015381,7.707128164191618,11.448788746984597
tt2181931,-15.75235097592351,0.5936585634223186
tt1904996,8.453746304231068,-11.89002784794168
tt2103281,12.666043998677592,17.6807392860491
tt1291580,-18.2843688755882,-4.17782641966307
tt2278388,-2.3263929791404863,8.019964511391992
tt1389096,8.946233456763702,-16.53728698627854
tt2094766,3.1005738791057254,7.26221306655194
tt1964624,-28.938074920096746,12.601581481276876
tt2347569,-23.53002440868168,12.18390403602593
tt2101441,-31.844236009202373,7.327319183265816
tt2194499,-24.654217260599868,-2.4460496127910605
tt2310332,6.165756583805343,30.008421191414854
tt1713476,8.976545741734117,2.385253235135277
tt1538403,1.8124269634383852,6.833917662822718
tt2375605,31.690795526085445,6.000335370482579
tt0790628,-15.124979604924574,18.918014783355297
tt0831387,18.633250805401136,10.02985782467507
tt2316204,17.29499227477027,14.232003629441495
tt2263944,21.499084604956465,6.893619239924677
tt1932767,-13.323444894408885,-4.426828969271102
tt2277860,8.438763664406219,26.312783081208984
tt1656186,9.729989891685651,-12.881166636238616
tt2082197,10.90279384617327,-31.383603741001668
tt1433811,32.77446838848549,13.075471330157962
tt2058107,32.310882299468936,-3.438706814017337
tt1877832,10.571661185344881,13.165603683833018
tt1758795,-32.669519493459894,8.272511979109039
tt1821549,-13.918729562062444,20.568779632384587
tt1967545,-13.006185198940623,-14.752807308807533
tt1951265,36.725327190574475,-11.07214462554768
tt1951266,36.68910934621526,-11.067685814803525
tt2023587,-9.77538918084689,-12.272181932655055
tt2176013,20.571084906965783,-14.253897660259023
tt2209418,-19.621697813852414,-3.486512998489917
tt1327773,35.710476858841886,4.632551323006267
tt2091473,-10.88428236687718,17.03318963660765
tt1939659,-8.94957028233203,-5.90617684863927
tt1980209,9.969268321812677,-9.38772064508264
tt0882977,8.583241063203051,-9.155098195467083
tt1748227,3.7976472722998538,-10.94422398349327
tt0369610,10.372455719632258,19.84405929075198
tt2283748,-4.814929548035888,7.2368239423621255
tt1272878,13.63141129250634,-16.425570599350877
tt1893256,8.004193240802284,-15.733215723570316
tt2404463,10.554278758514872,-21.040074893654612
tt2369135,12.23637442868531,-14.913744274831688
tt1679335,-1.7221320686146013,17.813188932412796
tt1204975,-32.403162215986065,-0.15086546731870085
tt1205537,20.71555123847819,-16.152168553679036
tt1490017,11.62496317371439,13.809141894885714
tt1631867,18.094496508846696,9.448130968513155
tt2024519,-20.19472912603222,-9.319170803177323
tt1837709,4.115847987953252,-11.212396722576516
tt2333784,21.41163559169864,-6.285099843443429
tt2229499,-22.1266146645282,5.155781056869741
tt1723121,9.044144697947715,-6.958569406420687
tt1457767,-6.961572310142619,-9.181047244032984
tt2243537,-5.647716427259276,-9.38327934140691
tt1925431,14.122690428402578,-8.19321834718474
tt2267968,22.11870723944794,2.8377457517358597
tt2488496,23.45328777065837,13.520723400797626
tt2140373,-5.173177542178179,20.07784399312724
tt0458413,-2.4548387907334717,-10.919354348901367
tt0974015,8.0881577202625,13.741840577865188
tt2187153,25.972283817204183,-9.907034953899908
tt1742334,17.270512892180438,-13.5848467626246
tt1814621,-29.47436970683273,11.458443569265533
tt2387433,-6.896581750123602,-9.171161299317134
tt2084989,-19.788408285232627,-11.931030344508736
tt2281587,-1.24236672717517,25.811832613256072
tt2113681,-7.139633221310146,9.046771430912091
tt1825157,4.518347797123974,-5.804042645247448
tt1712261,13.019683136247927,-12.213219135971087
tt1821694,22.798430701809316,-12.16772824998039
tt1392214,-6.246055724789532,-14.320927966339372
tt2364841,-16.76690586733166,19.366258156115393
tt2387559,-28.978528093337047,-12.352506919217205
tt2473510,-8.592185497494444,-9.829553469241517
tt1528100,26.766401755802672,9.656133357211862
tt1727388,-28.427774108817342,2.715124332700582
tt1305797,12.322979947606452,8.522035543175107
tt1528071,-5.9320997991560125,-18.201262110018586
tt2013293,24.851537100789365,16.42769835209024
tt2576852,-5.1503866759872405,14.763874535906579
tt2244901,-26.201110235680247,-4.273096981856287
tt2096673,-17.057836767548697,-6.079346804633146
tt1661199,-11.677282004366539,-7.267542282614925
tt1691917,24.27593178383768,16.208955378911153
tt0790636,-14.269724598658673,13.444434416992522
tt2278871,-20.585302064445827,-5.1042383982028365
tt1951181,-18.71965372602337,8.544273861077595
tt1798709,-4.096684533178082,6.262820956858366
tt1714915,-19.575105968967772,9.340220081880686
tt1322269,-16.722664837323514,-11.365278226343227
tt1924396,-14.687684331868041,2.9968652407955254
tt2017038,17.9404881422035,22.389909935901386
tt2177771,18.898130754720068,-3.566113570315959
tt2404461,-20.04507686493419,-4.200089379557988
tt1985949,5.61930545502782,24.51435297219607
tt1600196,12.270377825437775,-11.23352148587233
tt2059171,-13.108088019553412,18.29361770144962
tt0455944,8.22964594327357,-26.593883880448438
tt2179116,-8.70972506207666,10.61927817510956
tt0816692,16.132049846058965,14.505290957208278
tt1840309,9.33342574895444,11.20680929837132
tt2209764,11.464186168427705,6.556442464836405
tt2334649,14.950037810651445,-30.3859845082743
tt2294677,-21.520985225993055,12.353528204834147
tt1311071,1.3449513389418242,-20.078424229076028
tt1714206,-28.219182333286533,5.251819435802106
tt0837563,-7.18544654182769,-6.721551770893678
tt2388715,-3.6227518990118477,-16.447914946835926
tt2238050,-11.659575336417742,-12.490248855549535
tt2234003,-3.9279449933020762,-13.87988869048007
tt2333804,10.793795947203137,6.470214129803071
tt2345737,8.662298911854943,-1.9254851596565588
tt2382396,10.374780454726695,-4.385684945983457
tt1972571,29.39054688736811,-12.072066966543844
tt2172584,-8.148297501990438,-10.656832042479042
tt1911644,-5.8046390466224835,-11.973319934452359
tt2184339,16.38279112956322,-27.33681483222795
tt1964418,3.875793705500121,10.5654824722997
tt2545118,16.71622810548524,24.169836974180214
tt2450186,1.7390385326554705,-5.144625872115348
tt2510894,-1.0926202416494026,7.670702319794036
tt2334873,-17.00091899980466,-6.046481537557211
tt2592910,-13.871346084723358,12.516801527300808
tt2610768,-18.781268863393304,1.4857451190692292
tt1894476,18.08082631646545,-29.476138369578678
tt1837703,-10.402834805742993,22.641480827417485
tt1247690,-23.330349439813972,-15.592164605451742
tt1206543,12.274777755980255,-8.60561545258298
tt2377938,14.462028326881882,-11.815597621466774
tt1502712,9.167973937368263,11.413072297755464
tt1790809,21.47032948765025,23.05100533215745
tt2386490,9.379419065407156,24.31186069148717
tt2230358,-10.806504928887415,-12.417217594873375
tt2381111,-23.105559121483957,2.4388656146222645
tt0775440,8.834373541406642,3.2161087801239012
tt2213054,-20.274563188871646,27.271656490233127
tt2820852,19.012615544632652,-21.96718076399006
tt1408253,4.280591696913308,-13.810991978351367
tt1800241,13.614675366375964,-16.828169623915738
tt0383222,1.1498667890341558,7.681702355754129
tt2370248,-12.327742575250884,-9.96219284861442
tt2101473,1.0644708266278402,12.609408878932127
tt0365907,6.031556846609735,-20.447465598597276
tt0787474,0.7582165808701168,15.199080350268366
tt1791528,3.2354125017483772,-21.314277162847585
tt1605717,-19.58460912261283,11.521055482623737
tt2403021,12.903389851011013,21.805472841599453
tt2357291,6.758639231356256,24.738201746815385
tt2265398,-30.241615680958805,-0.5457359945421617
tt2094018,-15.433026804645772,-17.413633893311527
tt2592614,7.685712050453897,4.933425596699003
tt2317225,12.568788077917693,6.894840025883001
tt2051879,20.65621655211618,16.99533002740312
tt2771372,-32.79115722914385,2.962908754375196
tt2245084,12.69060074507091,8.977147752170632
tt2381249,24.102920773980266,-11.279177872329242
tt0469021,-15.819838374620367,17.043154544526853
tt1160996,14.285222987375436,15.721302927858837
tt2358891,-19.284128746240462,7.970917994161255
tt1767354,15.641962398769676,-1.067292351963656
tt2265171,16.259836671045694,-10.279909191628265
tt2763304,-20.706640471843944,7.867870836691697
tt1014763,23.232559940477273,-15.430428896298178
tt2692250,6.150769947169178,27.48331112736693
tt2527336,24.335677828540227,12.546366567810079
tt2527338,24.38309202866512,12.471581512688045
tt2316411,-29.650421042327064,16.79812545458667
tt2402101,-9.12861966203716,-14.656149795312416
tt2752200,-27.601717842770622,6.799403142134185
tt1267297,23.027292807661727,8.067063272649712
tt2377322,8.082765655655963,-19.002511465261286
tt2178470,-34.50672348108143,2.758373189965074
tt2294449,-32.56498878143122,10.071029493823158
tt2463288,-23.040227017651084,-13.160194195216405
tt2557490,-8.172820386160591,-20.122474736635436
tt2359024,17.292278561877552,-21.544155816911722
tt1043726,22.85499632421317,8.073811543682911
tt1674771,-31.476823911310955,-13.724226172426985
tt2660888,19.48239833469321,13.698966150882825
tt2275946,7.358961365145898,8.805683032431743
tt1709143,17.244334628673542,15.860266653047
tt2179136,26.550232181144075,-5.601944535149132
tt2359810,-22.82704554317894,6.894408669492003
tt2350496,-9.336739041083602,0.9582586217351897
tt2172934,21.74388950284287,-14.0663604789958
tt2479800,-27.560653905956055,5.82731280117864
tt2402105,11.772741318250645,-22.73897889297033
tt2304771,35.787060320970355,4.9577357232281685
tt1781922,-13.96683094432335,-18.955667026516213
tt2343793,-18.293759968419312,-3.978616883597696
tt1976000,4.070717240723959,-16.379623018011078
tt2203308,-20.12341972177123,9.962449424680202
tt2203939,-23.578824609980916,-4.860624841334832
tt1598642,12.359995056578093,11.623089124464375
tt1091191,26.337900170251654,-6.603667757627874
tt1924435,13.423342030887717,-20.10699011451355
tt2562232,-15.6184435312656,13.890767851939213
tt2004420,-18.574841299837818,-14.381901027314765
tt2438644,4.797143584073707,-29.679865231100926
tt1823664,-25.47507734778963,3.767367424605664
tt1823672,2.3748630147758507,15.658151629976395
tt1647668,-17.43795084755419,23.44325384632902
tt1980929,-20.287361680623217,9.524683514584122
tt2591814,-36.11602279770248,3.428907011583968
tt1790864,9.059408946416697,9.035667411366749
tt2005374,6.832968614890883,-22.082928651651414
tt2223990,-20.28471233826607,22.29347628140685
tt1638002,-29.711345157375487,0.5858355245583308
tt2554274,-16.29270409036837,-5.6203602319371395
tt2717822,17.35537638866165,-16.190879528708333
tt1686821,-1.0391193578314615,9.237930048610451
tt1638355,22.06141848015454,-10.36762612747124
tt2167266,12.016688868765796,28.58594672403279
tt0816442,33.81655502501015,-4.872819484360615
tt2312718,2.6617300852299417,-13.020603747161614
tt1726592,-9.37423243278847,-15.434949981477263
tt2112124,-8.62566729446011,-1.3339986791696574
tt2431286,-12.277948260494078,-14.88330277879446
tt2404233,22.971221299412804,6.6649115499350415
tt1872194,-4.035339074116865,-19.027789127862544
tt2084970,32.63118826243133,6.698865960688791
tt2404181,-5.543693784428683,14.333636663476852
tt1390411,17.220498995635033,23.978037745581403
tt2356180,29.261599533529836,15.307822320751978
tt2397535,14.332775737127074,5.94192981617493
tt2379713,19.92118174491683,-11.193420622863881
tt2802144,24.91415203790353,-13.70315521705192
tt2537176,-7.7090598169176525,-14.671711352428924
tt3062096,10.876175985248283,3.5773362452187714
tt1772264,-11.214093678909832,-24.42723216855531
tt3063516,-16.184326224537458,15.842857279275961
tt2975590,6.981205937847205,13.305346963934932
tt2390361,-21.30699896515606,-5.14498729233368
tt2718492,1.6834891415563646,-28.117755349019127
tt2567712,6.140554059545414,-16.4906693055667
tt2170299,-14.35900017672581,20.597215913165535
tt1742044,-16.55138124660357,12.297993362212114
tt2692904,-5.038738658285678,2.385441130407681
tt2267998,-7.075751136852797,-17.910301937902698
tt3045616,9.151678692173867,-5.010912084923134
tt2293640,7.166759640712237,16.657144444045162
tt2378281,-21.43062015691832,-4.28051296422154
tt1486834,-28.28884234412951,-0.37308856239540195
tt2883512,-20.426343769895887,5.817308323872981
tt2461150,13.264334387177772,-12.29118188966178
tt2637276,-27.396058186842552,-12.660019970939427
tt2071550,-5.890244207415428,-17.764282689077024
tt2322441,-25.019998569092476,-3.5928262138604907
tt2106361,8.917345591093824,0.9065771920373952
tt2467046,6.027884780637184,5.380633733604057
tt1698641,-15.789003975820163,-10.01531532784639
tt2866360,-17.158254238577292,-25.529050528726415
tt2737050,-9.644568684306156,-24.08552290989442
tt2582846,-3.3057621359099683,-2.163086484115659
tt1243974,28.21459137125063,-6.679296283515294
tt3205376,12.138556758180705,-1.8128569201423756
tt1700841,5.563546221982601,2.1411264057538295
tt2180411,-1.119960520568243,16.331827296024986
tt1800246,-29.138860090506757,-2.179195345581515
tt2024469,24.03991005319877,-7.892801879293424
tt2884018,-7.232028747478463,13.813956856474675
tt1956620,-29.493056016043177,-0.87626705452291
tt2101569,-20.345689643818357,-11.428812294512555
tt2103254,-15.575542744058694,-13.576100455944765
tt2318092,-28.57515188202389,6.323163666399709
tt0435651,-11.598405637768186,1.2143437155996895
tt2170439,10.041796589564948,-8.914956448031914
tt2494280,8.069604619407633,-10.437425902750245
tt1809398,32.162063665209715,-3.2076577917029505
tt2473682,-6.754131164430203,-5.758085561394878
tt2436386,4.192437724255843,10.117658257797348
tt1821658,0.1894414241308325,22.523169700259732
tt2452042,23.892328685273924,15.056082673786475
tt1976009,-1.4006116659523369,5.129689164230542
tt1821700,28.16801145397389,-12.202810327394905
tt2713180,30.067495206370165,-1.8314113478048528
tt2224026,14.090403048037059,13.610069316010776
tt2279373,9.869623945386916,30.898093534505083
tt2980648,-19.01067436103427,4.903454120244677
tt2097298,-21.620942600921204,25.119653270458368
tt2726560,-19.459225184852478,-11.698629008086455
tt2262227,-7.800341049135777,5.1936975787485125
tt2788710,26.558025261673333,-14.127336721731046
tt2305051,-15.32154293056713,-12.793488512440934
tt2870756,2.6243526595434297,-4.415536886542296
tt2088003,25.48856518162901,-7.903287293148845
tt2870708,-15.805607581591277,14.242880595545946
tt1086772,-23.490050582283978,-7.663298549391305
tt2987732,-22.355005041367612,17.21561869230188
tt3169706,-14.034895843489592,-26.22596208239228
tt3253930,4.594555472677444,-22.150890900723855
tt1929263,-5.509566777145102,3.122238655240295
tt3203616,-9.100836597792764,6.892936517897889
tt2140379,-2.1814621169884294,1.3685545833191028
tt2991224,33.77508868875197,-2.4889696036759967
tt2975578,21.307351573566788,-18.745598199145352
tt3079380,23.476631714507256,-13.241666008419948
tt2170593,-11.663662115147046,1.044015598342014
tt1972779,-32.39656674636675,2.6198730803078667
tt2358925,-10.007260088358743,16.0271260856933
tt1371150,-16.254115149460546,-10.525824644205342
tt2872732,-6.874691215149578,-19.870136457185914
tt2937898,8.61522569310238,-18.284618916026858
tt3181822,-8.602044313618485,-18.657741273291975
tt3319920,-0.8788938771406261,-16.706234925212964
tt2567026,-5.354702925964666,18.309523859670986
tt2199571,9.360776385946904,-17.36606548458181
tt2980592,28.299710033233907,-7.662200346834211
tt3097204,-32.27898879302458,-1.3549664114491706
tt2756032,-25.097471014872223,-7.189326813856606
tt2910814,3.8594271398035183,-0.2260048807631574
tt2321549,-12.684445784520467,-13.85805976446592
tt1204977,6.202057725183838,9.646976289633454
tt2872718,-0.045529589310141595,-18.965592567233806
tt3398268,-12.65169021539976,-7.1586255846670515
tt2626350,-26.360331543391098,23.703338487894772
tt3179568,-27.25087810692926,4.848286734544391
tt1029360,-6.166888778781919,-9.325237118931671
tt2637294,2.878304961893989,13.092468947493975
tt2918436,-0.3735479339684635,1.2206263341396089
tt3417422,-9.159134533561343,-3.338641664768377
tt2034031,-26.591377559257474,6.309080828784699
tt2884206,12.942434224752654,16.815852662103058
tt1567437,2.316611900988096,18.822871812608042
tt2994190,29.117023721538633,-8.228826150038595
tt1179031,-1.5007195137096978,-7.956588610222605
tt2326612,-8.246268203701831,-12.486425747347484
tt1571249,-19.344018085925782,-10.227354489777053
tt2582802,-24.571412837034448,14.25028821983942
tt3077214,30.98289343495275,0.9978500598930254
tt1596345,-13.072086575069951,31.577052286554675
tt2649554,-15.386782777683617,-18.721220582631105
tt2273657,6.451974700380138,-24.730944166607692
tt2911666,18.724235771361425,-6.984379891619418
tt1216491,27.249633638190797,-16.057882636778643
tt2261331,19.107716450079018,19.560952841307007
tt3099498,-4.712170349385829,-2.714928142502147
tt3385516,10.492423726741086,13.108016407865692
tt3416742,-1.2493298123823922,7.52341633127444
tt2452254,-14.821582145979885,7.2059190848272925
tt3322420,-20.27687066840176,-5.700117311902692
tt2679042,0.4667872101921053,-19.772555130704536
tt1355630,-21.49048659824917,6.983016516368663
tt2382009,-21.579841508127753,-2.0522551549318324
tt2528814,-29.093291980131347,16.511514538960938
tt3416744,-28.465155583033724,-17.833991607660153
tt2375559,-0.09740837362568727,-17.598766388739897
tt3172532,-25.445120195812464,7.543096899337293
tt0076363,-2.8712906679532173,20.574508448669455
tt2652092,-14.313926444822627,-21.00158878335669
tt3322940,-6.467173351814768,-10.253371310030664
tt2574698,16.053580559593385,-11.004878164279106
tt2428170,-12.733166037372264,15.269515000070154
tt2935476,-15.869297933364606,4.8502204327079586
tt2326554,3.035871814918363,5.348490620341041
tt2614684,27.37933255896369,2.195574472443833
tt1791682,-21.934288769069926,-14.357189328658482
tt0884732,-28.260526381510953,-5.447130066962139
tt2980794,-5.88565422936803,-20.185114814805367
tt3504048,-13.142636586352708,-10.544589114128533
tt2719848,22.19464300311902,19.500009349347003
tt2126355,16.65484738061905,20.896706961497486
tt0462335,12.166189450767314,12.484255440959535
tt3464902,-3.596656747981973,5.791966686101904
tt1626146,-8.392984774249863,8.176337921715188
tt2848292,-26.284165928555634,23.403394342566834
tt1430612,14.385354913685678,-14.47483686405383
tt2402157,22.726392694166044,-13.751251807016281
tt2631186,19.926476829115114,5.92627801474335
tt2870612,7.645674270411345,3.5762065738765365
tt2381941,-22.280179400497666,1.3350281541251183
tt3007512,25.48259419879326,1.6757743090503683
tt1772288,-17.58498032543471,12.045462230464853
tt3450650,15.145259997100139,-13.063460099181267
tt2058673,13.405287837059438,-14.709987756397847
tt2561572,8.97124919171215,-12.138137959857914
tt2361509,-28.251646997321,20.616952217340287
tt2120120,17.922029120799092,8.792734527431323
tt1051904,-28.485597849812418,1.005666870128158
tt1937390,-21.551076605202915,-1.9723809946411959
tt3416532,0.7214730899977467,14.06951774818955
tt2402927,-19.281447049034604,-0.9647885076567141
tt0918940,8.094560472450404,23.024304999018074
tt3183660,4.577684911459899,27.343194204049556
tt3065204,-7.15916377592671,-9.134120405464099
tt1292566,-24.77359427456553,1.5671973552926102
tt2361317,12.37785026557209,-7.120826350788485
tt2446042,6.312663831844606,-19.002710909607583
tt3606756,9.268807277096863,14.444847810399626
tt3606752,-9.167485850542459,27.694373076892237
tt1355683,16.23954391491217,-22.919945413710828
tt3316948,20.215357928348446,-13.793474246045092
tt2800240,-21.35548152051201,-8.803943197839741
tt2908446,26.51121129281936,16.155009508548805
tt3410834,11.202333761378792,11.007127020839942
tt1971325,13.04404395830041,7.714079999264428
tt2872750,-9.48435764325819,20.568810540149293
tt3315342,10.451881338087977,12.18904513266945
tt3605418,-9.621507070076973,-20.384604771030805
tt3170832,-12.313057311257085,-15.588107931708064
tt2398231,13.711048936645648,-0.5250745797063503
tt0470752,11.52995244445101,8.208940533524549
tt2268016,-19.94794900490928,15.463649646422088
tt2758880,-15.49739644449548,-3.4419330105337163
tt3612616,-14.463442860956988,-10.651281281226654
tt2802154,19.986847985025847,-4.482300401326058
tt2121382,-15.649415978809966,-20.116679385004403
tt3011894,-0.587873612220323,-10.385306042961922
tt2231253,10.462476922426593,-14.844455573280154
tt2720680,15.049989974440612,-4.2886162557940875
tt1850457,-12.860692750099396,-11.233606441922005
tt2515034,18.212035455592485,-18.07463767844997
tt3332064,-4.091069586500659,20.01600749863634
tt2980516,-8.695697424454952,18.72417949928926
tt3381008,21.757335162739,-16.353890177296638
tt3300542,23.222928324324467,-17.480030476856026
tt3691740,-1.7169828059327639,17.746222507323953
tt2555736,-10.52459561153444,-2.9006045985880613
tt2091256,-31.6900710897531,13.366940849716201
tt2557478,15.937642563392563,12.016179992825966
tt2967224,9.144512515087037,-21.223176566094125
tt2948356,3.8438661628473882,-15.36014331076757
tt2980210,7.74749998668525,-6.652533633422154
tt3235888,-8.624600017267683,-5.146250755819468
tt0475290,-11.584498470649043,8.185313125213908
tt1911658,21.45055691194118,12.485551038651211
tt3498820,9.939274940630652,14.542327115349735
tt0903657,-17.986195903282464,14.257422069280958
tt3152624,-27.565656609317422,-11.175636986344307
tt2638144,13.175887865010246,-24.475311929810044
tt1666801,-29.664729262841025,8.403678869629266
tt3369806,3.8420853801713175,20.81070735083709
tt3460252,20.249929098363136,-3.544188622057075
tt2669336,4.963734228315777,10.227623868263663
tt1727776,6.753794975764995,5.671930329976719
tt3397884,17.066049585739066,-14.239010440587956
tt2556308,26.009314168392784,-10.040713863010987
tt1020072,31.49342851194611,2.1425445964305316
tt1528854,-14.141597819937063,0.16031309480368938
tt2446980,-25.68521772460003,-12.601421582698515
tt1618442,1.3007029838729343,9.564216224998672
tt1981128,17.122757052362395,17.186837199243943
tt1972591,-2.745813215512142,12.279687744697158
tt1355644,18.379548661913073,16.763234453002696
tt2785032,-19.363987657402852,3.5459548644033574
tt3569230,11.983512009012493,-9.415329247405502
tt1398426,-3.980161760919266,-32.01143590539559
tt2461132,13.168721307847296,-12.396578901374392
tt2139555,-19.239941605249335,0.43825571195129953
tt3713166,-1.92669440761476,-10.807776226920303
tt3521164,12.68655493977229,26.77955773364337
tt3416828,9.266889418043684,21.793374515043787
tt3149038,-27.252145233832486,11.200027454685099
tt3522806,19.681144695382923,-23.143692727093125
tt3040964,6.801271834499503,22.942361310938416
tt3553442,29.81258609531437,-9.318671341524961
tt3195644,-9.46044606977543,-7.9651969177902515
tt3513498,11.892745189097363,13.738500600780108
tt3390572,-6.7756542225884555,-1.9486690864276746
tt3168230,-3.1854196096794083,-17.98886529494907
tt3450958,22.709211502302956,10.109780217348415
tt1663202,17.04213179147086,-2.2163837727723976
tt2345759,1.0487210767027384,10.399618868460804
tt3715320,-29.08464611092562,16.393940483663304
tt2891174,8.639512630145722,-9.136383294021275
tt0443465,-16.637361448106727,-12.840981974914227
tt1935859,1.6642440383342014,4.176619695964224
tt2752772,-12.576060172312669,-11.804505909722085
tt2547584,18.298001567654833,25.94166377696682
tt1365050,28.843040071171238,3.1549720025224817
tt3896198,7.6327956017527105,11.571675390367865
tt1211837,-2.564634351241097,3.57487531838273
tt3501632,21.16883725857939,10.623903961169333
tt1825683,26.65418179618111,11.00599138708059
tt3442006,-8.945300377871712,-15.585689773602175
tt3316960,-19.99566978962191,-8.6185700260919
tt2784678,-27.869957596825916,-5.518792829625927
tt3086442,-12.982819652110386,-11.822572692446112
tt3042408,10.863338547946167,6.212384761234609
tt2039393,-17.446952812904648,19.41619757071824
tt1441953,31.013840545910757,7.554974401783737
tt3488710,26.630811171115944,20.06866592455108
tt0462322,1.2234385551410114,31.127578916112874
tt3659388,17.696678525107554,15.899702423902427
tt2140619,-32.26488880543958,-3.564835851628011
tt3622592,0.4437668522520578,-9.105797038572552
tt1881002,6.941613785827868,3.2760139574092277
tt3850590,-33.77667632912908,-7.921416558069354
tt0448115,1.395689122235025,14.095642228424776
tt2938956,15.768250911996361,-15.37858508889442
tt3165612,-26.810321335129775,-2.469479527423396
tt2339741,-7.917149601189141,-6.75286249843747
tt1730768,32.19998903281724,-3.9811254771377564
tt3461252,-2.7924422875497776,-15.546362681197397
tt4016934,37.28199802777884,-6.474308094028906
tt3799694,3.2221296602627305,-21.172714111177758
tt2226597,16.209753098310443,19.793882598116536
tt2381991,-2.8929752947776324,15.173643631941424
tt1741273,4.471557972350329,-21.254457574292324
tt6450804,15.026760649969303,6.983301446276166
tt2401878,-16.06089254827444,0.27225958608285045
tt1734493,22.71657066794442,-14.648521138776157
tt3110958,13.586868460974237,-11.67055079352689
tt1860213,-27.58473030096724,-6.338921675114704
tt3513548,25.04185430977258,-11.123664391195614
tt3774694,-20.298750595161454,-1.912265125852493
tt3731562,13.241559603851513,19.253768318429692
tt4044364,28.093610877362387,-14.74705658610513
tt2006295,23.031084169148954,19.284217912564372
tt1431045,14.909965891358842,28.899900065156103
tt5215952,-5.258441289890043,-16.46910824288671
tt1458169,-12.745488754260371,-14.86757602227277
tt1655441,-18.056926221558356,-5.935182838392131
tt2118624,-9.796569077780168,-14.283444063319644
tt3203606,27.55896205991256,-16.828063563788053
tt4046784,26.077981787234673,14.69327772161541
tt2788732,-0.7736193142654214,15.525514389105215
tt2452200,6.476887067277548,-16.49925646270391
tt2494362,14.289514325445452,-4.266688132970562
tt3874544,-13.395607605139986,-4.123049216120138
tt2937696,-29.877770565500608,1.5962937940589492
tt2503944,-20.451731022188387,5.830389263577393
tt2674426,-13.06002940520467,1.9562312984850627
tt3682448,21.637197410640017,-10.668894196832555
tt1524930,-33.301309915019985,-11.016777022254413
tt3530002,-32.18549545599267,-5.209056957659614
tt1860357,20.45935138976135,19.627434974716564
tt2338151,-6.90690334089846,3.7150028172968588
tt3387648,32.90108843854093,12.0636248912433
tt1386697,22.59742148928096,-6.644358488400719
tt0451279,21.48748962995667,7.741742489360751
tt1477834,19.74548054888521,18.422027206108893
tt3348730,4.623145609940445,-19.282199302636354
tt3567288,-10.592908109974827,-9.479664901897213
tt2910904,-23.301489427495014,4.889040938559247
tt4154796,10.320052588365108,14.479400860095414
tt4154756,10.311819025370998,14.456653664008979
tt4154664,9.884128156102026,14.405517431779412
tt2304933,1.699301730341876,3.8220754266779338
tt2798920,14.586590942555887,17.412612919857317
tt4160708,-1.4463284745849847,-9.319424308083883
tt4172430,25.74830839547386,-12.350492008552052
tt2025690,18.068323122492664,23.5219387639558
tt4154916,-3.9018123562056206,1.7522929940110845
tt1389072,-2.757289129605621,2.7340282185026026
tt3787590,-20.629784680056392,10.37885175598039
tt1974419,-24.54358197948901,4.603538137419228
tt1979376,-2.4621050653084247,21.664615387314885
tt3174376,-3.5816008003513944,-5.71507185101876
tt3289728,-4.042292182768946,6.164753978544381
tt3014866,21.78659742539054,-13.206599541032904
tt3774114,26.68130694681568,-15.202610993321857
tt3760922,-28.581913312067627,-6.969615199660823
tt1489889,17.99863576067401,-12.220672795336636
tt2140479,17.303926064488476,-11.952873391022854
tt2241351,-15.382153999485164,17.637265101002022
tt1172049,-16.62532588877931,-0.2809622648197184
tt2404425,33.559979583255256,-5.057229703452432
tt3717490,8.741703894615767,16.571247466470375
tt0810819,-27.19562712665221,-9.200718439646145
tt2400463,-25.724259669832424,-6.602512890087539
tt1798684,-15.445975096708123,27.42403171865327
tt0420293,32.94243701032057,7.156104421043892
tt3824458,-32.549548263193124,-5.40077813464042
tt2005151,30.450207503271216,-8.542707230061742
tt2582496,-27.602213624616347,10.21081167162859
tt2493486,22.56694888868367,9.621302462219916
tt3949660,7.704959685142303,18.112576646219797
tt3850214,-26.070737770764605,11.330068834636283
tt2872462,-27.1644087701125,7.297881495477056
tt1754656,-5.213369093061716,16.154984710358367
tt3647498,2.415667560330282,-13.12920271615725
tt4263482,-16.653183507259406,-11.726018032948092
tt3813310,2.543676443364015,11.651993895522677
tt3672742,1.6675473767286106,4.090789989260163
tt4276820,-8.996841860412777,24.38018065518481
tt3312830,-26.116898811658412,3.1786489056978455
tt3544082,-29.55521343939943,-6.416534583030411
tt2034800,24.265056244586994,0.468118257907323
tt3076658,-15.061906527207285,28.76757262944053
tt4302938,20.68852827344394,4.6488631097425595
tt3783958,-20.30777548854422,6.5406320861140195
tt4062536,5.312889769775919,-1.6947684893605268
tt1212428,28.03448361597521,5.43343380295729
tt1895587,37.51961330382626,8.869000162233649
tt3848892,26.807317150213905,-10.47755678664813
tt3278330,-4.221642241396719,13.732144993213485
tt2250912,5.857324523127571,15.208031370777183
tt4136084,-18.396699677696645,8.30717037009828
tt1219827,16.466549612628462,9.220570968100121
tt2823054,-21.421226197733954,14.547696572604194
tt1485796,-8.747774332338528,24.34565797990995
tt1124037,29.990990133463427,2.1489335254475788
tt4334266,16.237666468881876,-0.7846510895203564
tt4094724,21.70011854499218,-18.479738701701997
tt2452386,-12.96325143195666,2.0125768719881205
tt4257858,6.963764224697853,-0.9520498013199097
tt4005402,-7.036614214187757,-16.110559985437476
tt1596363,36.68119244007867,-2.3680632106726773
tt4176826,34.48443660018954,-6.858625240381722
tt4229236,32.09088463055612,10.291826778015471
tt1083452,-21.023647164101025,25.825726483531714
tt4226388,-24.170611359025813,-17.331482612910552
tt6565702,10.507897756573195,13.170361425635518
tt3882082,-10.94937744888848,-12.443638845598462
tt2771200,-5.011789158272273,16.037170253909434
tt2080374,-10.635243193587721,23.28082894625475
tt3322364,19.24625158301153,-4.763053651326355
tt2869728,4.696084529765725,-13.056257188034698
tt2702724,-2.7534095826317406,-28.15497721668095
tt3499096,29.77308487827039,14.415112094876266
tt2072233,10.978386894305414,-14.23136024708379
tt4425200,18.753430060947085,-6.922651842028916
tt1895315,5.457416237144963,-1.0071281244399817
tt4196776,23.05749422599438,-13.900994667701076
tt2106651,7.85711674819645,3.6370128473981382
tt2119532,27.380670465220472,-2.3735519264487475
tt2056771,-14.051065668691324,-6.331952078034724
tt4116284,6.249374831259129,13.152376471052111
tt3469046,18.98676439189373,29.577317025752684
tt4633694,5.583584637641041,15.250448459666288
tt4438848,-34.46050354011224,9.078829857197375
tt3072482,9.727855966964324,7.596697142565628
tt1355631,16.847108066491675,-13.303033621531208
tt0800325,-18.92624780092865,14.221537937249296
tt2709768,1.7249553177232084,21.017920543993075
tt4458206,37.10514204025646,4.287466423329173
tt3531824,0.912504715082277,2.2549803062892173
tt4178092,-7.990196032462586,-17.610198608087494
tt3722070,-16.377353042635583,-7.3037206598750135
tt3387542,-9.81355025551961,-11.763173391137542
tt1608290,-31.306592477538164,20.547527240193197
tt2543164,17.169830633210932,10.936210366754064
tt3861390,5.720436702980282,20.63836337920816
tt4520988,-2.08992164633043,15.709523045239065
tt3748528,22.572180476984563,13.01622733483546
tt3797868,-28.706924538390883,0.4799932191668145
tt3792960,-18.734491094649655,-20.40288862827447
tt2387499,-12.319790509304038,-19.113179066922132
tt3281548,-20.15185726695665,-17.83631626570292
tt2870648,-16.071891655605437,11.753351149281814
tt4624424,4.988636961704774,18.774961087022035
tt3064298,-21.00971784632982,-5.572771890297894
tt1517451,-19.7576099546299,10.134791302003467
tt4052882,15.583186480960505,23.53054625525464
tt3767372,-18.506928204409174,-18.497500005052594
tt4326444,-17.630473801074427,-6.628334866777222
tt1620935,-14.73555741339808,27.161939401290457
tt1677720,4.3193706364316355,12.110109590064603
tt2057392,26.113264643700575,-8.753744714726757
tt1179933,-10.087003932109099,-15.839069341849997
tt2091935,5.2801120795167575,-14.668585012985938
tt2404435,14.451990615750434,-3.4652262801152887
tt2368619,18.762049123605976,-12.725185829229122
tt3247714,22.522242899464693,-15.015534077888862
tt3922798,26.741709683289987,-2.5067221067598866
tt4158096,8.391926522032549,-18.390714905102307
tt1800302,14.307408844840573,21.553530232290843
tt3553976,-16.466950258529593,-17.844879171222033
tt4034228,-7.210161918039207,-2.9871454340843666
tt3741834,-7.155274956210652,-0.6987573864401251
tt3841424,30.43991261684258,-2.6859718443540963
tt3231054,27.485036138678517,8.656850169360498
tt4361050,-8.648614889600394,-10.05487843462445
tt3470600,-2.0225774319003667,27.040776549740368
tt3118452,5.629350100744407,7.128352682421902
tt1270797,7.014101173113311,15.271946497349278
tt1856101,16.259144972089345,6.531864886637569
tt3371366,13.0167840868693,10.266165745157165
tt2378507,-12.234381741238462,-8.128602018160382
tt3276924,8.125686766852516,-10.842289832133492
tt3808342,34.086878905296416,-4.385596113321986
tt2140465,-10.56894473682715,-1.6048568780363006
tt3966404,-20.40335401307474,-17.50589415363375
tt4500922,26.072272687366222,14.696906653600575
tt3616916,17.566683519839053,18.629548093407422
tt4477536,-25.09498609269796,-3.834707380105619
tt3532216,27.411018585041727,-15.522302411065814
tt4630562,6.011460430669947,-15.104876351489414
tt4566758,23.38089749305085,2.2913275840489313
tt3716530,-9.248199877864685,-20.842741343550394
tt3666024,13.234895332965294,23.716289385659085
tt1634106,12.461211546323863,5.489351882766947
tt2582782,11.338716111178297,-4.867966282966543
tt4123430,4.372746980077014,27.809879464375484
tt1560220,5.343519671393903,3.8187719238122138
tt1365519,-13.77886491961745,-6.5125126129325155
tt4669788,-13.691406383330062,-24.532630510700063
tt4513674,-16.659665217715833,9.14437076423376
tt3890160,8.40184997435285,-10.68708856316499
tt4669986,-13.855868964896025,-24.356709089318674
tt1291570,1.2988041808672504,-17.929905793627142
tt4633690,9.853938576988329,-15.836299035349601
tt1469304,7.0035398509473925,-17.297191655178448
tt3262342,30.870439252461132,10.020010133255196
tt2239822,14.100336147101721,11.117694922586953
tt4680182,-10.018560066859145,-15.212650051808941
tt4287320,10.868696419471426,7.074023825065409
tt3721964,7.594175489744572,-7.0551005384619705
tt4682266,9.645154102570324,11.073704053159974
tt3721936,-25.51267572226038,6.342116143615334
tt3750872,-19.617949508491545,-7.052853236329865
tt4550098,-16.911344799504302,-4.614665119442322
tt4714782,-18.152974480588316,-2.568686412287402
tt4731136,-2.531936397609515,0.4965932827941519
tt1082807,4.971275380752795,7.074846803982424
tt3960412,-25.91997140735234,22.145618184065132
tt2406566,23.55269705929071,-14.841405475820142
tt4465564,-25.057376914251886,-3.7516623467112664
tt4139124,11.438508279591387,-10.956542371690865
tt4385888,-20.026796988811984,-15.874439146469442
tt3393786,18.579169621823322,-19.214660422868278
tt4649466,7.109740582650223,17.385596918708828
tt3748172,-10.264709191649159,-20.670993555375087
tt3766354,8.200471774638427,-26.591313800423787
tt4786282,-8.796544284876209,-10.202747180956113
tt4481514,-31.865509256664,8.760231263834752
tt4682786,-6.622511191426409,3.7950807770165262
tt3401882,-30.401164599083845,15.04328489487886
tt2872518,-7.1475568656911985,1.7808128058840962
tt4779682,15.611730576524716,23.16685070149313
tt1396484,-3.35709706061151,10.143557254226161
tt4468740,7.692997925506066,24.027669140873346
tt3717252,1.822527153805813,8.594913168722655
tt3631112,-16.452279117658257,-6.3506869249997395
tt3829266,15.02952049933421,12.840519816151973
tt4034354,-6.605504252043078,1.7465187558287885
tt4560436,24.189172707688993,-10.206866763950208
tt2479478,14.121019517584829,-3.080281816479703
tt3778644,23.58370385414019,13.782334116243522
tt4080728,-25.618948850093716,-10.563440570814592
tt3863552,-7.810769888779254,-0.7197199120138963
tt4849438,-8.092906028639282,-1.6568543473443431
tt1540011,3.3149390919120423,0.8205202212530107
tt4881806,10.39113259271347,19.84800303838652
tt4190530,31.29243349568952,-4.260597991688783
tt1241317,16.762832012548543,2.140165757068782
tt4430212,7.939472758364002,-20.187715922447744
tt4824302,-30.83395837255902,-10.548063998729429
tt2568862,10.401882368670169,-8.016906404915025
tt4912910,23.920680993114427,-11.412814049495413
tt0787524,29.543666793900936,5.5216042927751365
tt4934950,6.184760551958694,-21.39345009030603
tt2283362,6.657159277006664,10.502301830116938
tt1648190,0.8770707585128196,13.662658829010066
tt1412528,-28.997734889701356,-4.8207740524359695
tt4765284,-26.274084771198492,23.327969069689452
tt4758646,30.360767687485364,-8.206372903699794
tt4776998,-19.77104649841634,-3.0361441110662692
tt2380307,-8.350650247111293,8.234129808482399
tt4501244,-18.057370464524656,-18.715444569271128
tt1950186,-9.128593637866087,27.326280039636632
tt5027774,2.5377752386032517,-15.88785535118611
tt5074352,29.203966732923817,15.426565880946573
tt2709692,-34.27723638288625,-8.662525522940353
tt1034415,2.1111750945330625,1.9897504120904075
tt3735246,-9.86323502395873,-1.54991539018478
tt5095030,17.267891220695716,7.7179620461948675
tt3405236,-8.71816689889411,0.7963803666155825
tt3263904,23.14145583385646,17.458748817687226
tt3411444,0.48802729295175085,20.964248909025745
tt2888046,14.381216120844975,-10.050695941325412
tt3922818,-6.5008390375521135,-1.6649880573759728
tt4622512,-12.718717509511725,25.726081113713427
tt3544112,-19.541168684651954,12.528381557093546
tt3640424,29.211907471590393,-5.655974626185272
tt1213641,21.980361623727585,17.343207892313636
tt4535650,-8.8277389705453,-1.8536141143673415
tt5247022,-21.518903337063787,-18.444620157886835
tt1285009,3.3163503749498666,-1.8691194312659682
tt3521126,-12.413716478515754,10.48115036322912
tt4698684,10.367496947775134,-2.191874421386364
tt5311514,-35.67042502183239,3.6496822851464112
tt1758810,-4.4436497341382175,-17.612964347084585
tt2334871,-19.749513904848637,-7.749376106878162
tt3741700,11.126784879237746,18.486038880586356
tt4196848,-17.09410732250681,-8.404445484843135
tt5168192,-13.992979805578502,-14.289095505139224
tt4048272,-21.663676150432384,-11.314027222525443
tt4781612,25.558974716291093,-13.513636190479327
tt5013056,29.54249744490118,-2.046228325568849
tt5083738,-5.516720009896529,11.984497043372832
tt4387040,29.679194821519864,4.246882448436817
tt5186714,-18.132308594853072,-15.695687098209552
tt4547056,8.646073490226733,6.781218807081658
tt4532826,13.628023829220718,1.6056088322699442
tt5155780,-1.6742336656988095,1.3006212824967467
tt4540710,22.11205887469101,-25.94124122870933
tt5022702,-1.8292517270693338,-17.098911770195073
tt4651520,-30.647871716445636,-10.519575426306368
tt1878870,-30.11169323309299,5.288508207193136
tt4832640,-15.899920827006119,27.900709932489278
tt4827558,-15.809385639381835,-17.8063490449395
tt1619029,25.95253959322098,-21.56479117465195
tt4975722,-7.735996881208763,4.203128254486757
tt4520364,11.542698980724913,4.5472974897490355
tt4191580,15.501946044953145,-26.889286296533324
tt3495026,-14.041618270514205,6.518917490607662
tt4255304,6.5283116670841155,1.7422668942422872
tt5323662,-31.279505031389828,11.683005663272892
tt4877122,10.454844003783418,27.41755706011936
tt1615160,18.53021621658535,-17.086413450426406
tt5109784,-11.417344922468569,-20.353744663169675
tt4846340,22.217233304361216,17.38273278963178
tt4972582,-1.6021786103643914,-29.981945499311458
tt1753383,2.5866953391170004,20.45186739210559
tt4901306,-17.15987482128265,-25.534581680253055
tt5117670,0.23908592803204665,25.70877174870857
tt4853102,6.027986007270491,12.600046484104084
tt5463162,14.919893204078027,28.91255666930761
tt6806448,23.185382234555956,-9.824007760168266
tt2548396,15.904459640648785,14.834613362264498
tt5304992,10.586886971598142,-7.019834293885173
tt5478478,21.9036789334229,-2.7093628565982244
tt1711525,-32.885075187979446,-7.991792374078087
tt3967856,2.5061365530253865,23.036972733296068
tt4169250,29.198053296170105,15.395469268952672
tt4572514,27.318510937073004,-11.479122299991705
tt5580036,-21.98429328527021,26.622853442421796
tt4769836,3.1410470884682375,-8.799074703344685
tt1959563,19.494224982923388,-14.235043885384536
tt3758172,11.796276961634282,22.30582321251992
tt4925292,-25.720855435945438,7.827521811493772
tt3402236,1.1300568560896271,-22.287001982541195
tt2671706,-17.221268011887084,-18.024637764867965
tt4954522,-26.03386578231899,8.150429120753772
tt5431890,27.56303846754061,-14.625246660830056
tt5649144,-28.90250379196347,2.439308065460706
tt3385524,-20.502646842221417,14.880141688929465
tt0491175,-12.196328726365712,-18.424282470772614
tt5362988,4.166291162220226,-22.066860477488415
tt5057140,14.881420892228574,19.173090096280397
tt1137450,-5.620808652495223,-23.356413945004373
tt3829920,14.960606326679958,-0.35334526133377525
tt5442430,16.02898351112464,15.66504197509449
tt3881784,27.370917169510545,-11.559066205780107
tt4209788,-17.67054200900701,20.159749952844955
tt5536736,-17.330445878048135,-17.227388852581004
tt5140878,-6.519307644099987,-10.336115459282073
tt5691670,0.7794886867851376,-9.116064965195386
tt5700672,24.318305161654024,-1.342152767106401
tt5397194,-2.2027758459912823,-17.29907936524489
tt3289956,-4.498516899858853,-17.17239071837635
tt4799050,-32.39692130659163,0.08386061756939296
tt5727282,-12.791891003579822,25.898267489494128
tt5649108,-31.018502469153713,5.178267312235244
tt1691916,-17.64708890107687,-7.033461281335374
tt4003440,18.772617487017545,-24.018421442561777
tt5657856,9.704814609765563,-15.954596506458923
tt5742374,22.67490870841606,-5.189093535196208
tt4434004,-8.63471899806463,1.5274900305797254
tt5726616,-24.293774670884105,6.494229838149377
tt1302006,14.80292113284146,-18.447660133857866
tt5592248,29.86188216799745,2.228429880664739
tt1590193,6.699381261699616,-10.248755861620483
tt5580390,21.416580356816542,11.724950161460828
tt5715874,-3.329594426424514,2.2628179158116084
tt5439796,12.6160101363389,-8.483866820216019
tt5104604,4.7524812652926824,21.63257258981451
tt4244998,10.516014649358235,21.874530435526754
tt1488606,13.635324260612688,-12.302558701971526
tt5886440,-8.961905097269035,-8.904047596129262
tt1846589,26.020535160082034,-8.059514720899186
tt4555426,31.17172966619773,-0.6616855728080719
tt0437086,16.773915481198475,27.746160653398327
tt5619332,-33.14613025987385,8.585820719066016
tt5519340,12.47471770292213,3.6189237436996677
tt5220122,-0.6002028217743108,7.789205428318337
tt5052474,17.068939775739636,-14.231365708696963
tt5610554,-12.478441499144804,-3.939579727558257
tt5776858,-15.355683771312371,3.8448067751415773
tt5028340,-5.1327185182635064,20.040342512155764
tt2039338,0.06111929768903708,0.8627055516013785
tt4481414,-14.295268658557308,-13.931158009267902
tt5541240,-10.337687431785769,-17.97408699505065
tt4573394,33.37589188576412,-2.038313969409582
tt4995790,-10.138011713834498,7.62830753523514
tt1464763,-2.449092282283387,-17.700380545191152
tt4218572,12.527792119204483,-11.369965088131707
tt4964788,-24.007314532887683,-17.39099814607447
tt4595882,-14.077701405018352,-3.362305446972565
tt6304046,-9.058984614114669,-6.50509024253499
tt2873282,-22.0133917785465,8.603170451518968
tt4686844,34.22112861187352,7.15843846618659
tt5164214,12.480466307327033,-12.794500521779383
tt2932536,16.2718875226219,23.13359007010694
tt5848272,4.027704117625553,13.606819187493175
tt3606888,-10.615649990271027,11.155393346564768
tt2737304,-8.683935354381648,-12.736929437462761
tt5726086,-6.819228392427867,-9.254971725740791
tt5834262,14.51127728385992,-28.164697844138946
tt1536537,-13.311774023898034,-20.2759780409911
tt4443658,-12.11494175211961,-17.990004317812282
tt2543472,-28.305967333625436,12.261920237338842
tt2388771,6.864629096192226,22.877399428527863
tt5390504,35.79940683879057,2.1712338384809597
tt1620680,15.783802129366462,17.34907282478839
tt5895028,33.97603041106448,3.4119769430402385
tt5640450,13.018458318316675,5.142514524518366
tt5929776,16.859635407823756,17.657871572501794
tt4857264,1.1052347406637413,-24.24019312806834
tt4357394,-8.365173698743954,-22.926636097122476
tt5932728,-8.549871733924995,14.316914129041983
tt5962210,-27.5351562709418,4.2959511427645305
tt5113040,1.7404343146640087,21.026465312648096
tt7060344,3.2443954360252962,-18.870019083865976
tt6000478,5.9428943784555335,-8.169942169020583
tt5946128,-10.782785910486329,9.5046085264803
tt2396589,-14.378576405050609,-19.39506418560242
tt5541848,33.995542661332024,11.260342059511991
tt5571734,0.4133870575813435,-26.347216896229952
tt1961175,26.094158906668724,-10.97260029105322
tt5461944,28.01713226018187,-10.395155697195245
tt1072748,-12.747561283299804,-8.973573453776982
tt5462602,-22.62141000381321,-9.806903028732041
tt3387520,-5.196093380182047,-8.714159697259875
tt0493405,12.41719778910892,-17.214469305485693
tt5001718,-28.15295081027149,6.355811401951641
tt0448694,-2.196059953259773,24.33866441933141
tt3564472,-31.559996562973556,1.1871525156217546
tt4695012,-13.632265587069494,-18.319094347032035
tt5052448,-25.848840698707328,-8.014776915179086
tt4225622,-31.897088674692732,22.905899741267532
tt5657846,-32.614289841609995,-9.20719858653229
tt2935510,17.494495586103067,15.608705466289868
tt6108178,-17.031723692155005,-7.875807254381816
tt4547194,-27.712203798410567,9.38319851109275
tt4777008,-20.49875427167286,-7.818262048419565
tt4575576,-2.9028359133004376,20.789521632069437
tt6139732,-3.8554575725048252,17.639299511733093
tt6105098,26.323464564895076,10.807338046525892
tt5988370,37.060373708513445,4.3232800307623025
tt6189022,22.876515481196847,-17.171600629702528
tt5723272,-8.583018322156716,-14.460765104879139
tt5816682,-5.724362009017002,11.169475623840585
tt6217306,-5.89137194108919,-16.108464590743576
tt1502407,-2.8396252941744433,-8.457858829720871
tt1727824,-18.34269895932379,13.702541495252293
tt5688932,-8.456679597659114,6.8303896980928815
tt4701182,-8.98623338386462,17.501528846052537
tt5710514,3.816209119544999,-11.52204348586983
tt3860916,-15.39645315489804,-17.280074712611725
tt6155172,-19.975647306408316,-15.919184390642512
tt5523010,-4.021837097226658,14.491483235053066
tt1255919,18.55309349915306,-8.388590397574246
tt5813916,28.149915876932372,-3.557738994730004
tt2231461,12.081542887870704,18.690883310335973
tt5719700,-20.148898763388445,-16.17920946711789
tt1571234,10.792793621447089,9.8359754379044
tt6265828,-9.069402176252765,-13.363344076634874
tt5635086,-8.635219501810145,3.4371793436624687
tt6304162,-21.936486724757923,-7.271902230384494
tt5825380,-17.195044881757717,7.361038848312483
tt6266538,32.21298081745036,0.9482633700009026
tt4846232,10.403750462881616,-17.06184169858694
tt2837574,9.294275750084662,-13.89782957268933
tt6306064,16.874590434899442,21.73250848838518
tt1413492,26.100218396749717,-11.545015362263863
tt3201640,14.987984326656875,9.506474357181423
tt5516328,0.9645468038184714,-4.135921392110752
tt5968394,12.927027472955977,12.48495649783603
tt6320628,5.7748680974920905,15.509245128148253
tt3986820,-11.157779308540428,-9.987567794140297
tt6359956,-30.951413050907256,-10.35304423960903
tt6324278,5.663646889145351,21.664309301162476
tt5814534,19.907990720874785,-8.709032436885243
tt6148156,15.484349781708131,-10.879560922961307
tt5935704,-10.417096588290416,-26.907832878651398
tt6333060,21.051203009323967,-8.73063674968121
tt3256226,16.63054368988827,16.125162768033075
tt5783956,-26.023303877837776,0.620148740368243
tt5093026,13.031275050240666,-25.08461971408985
tt5638642,3.383823905294018,0.7543897086113123
tt2531344,-32.398421669788235,6.2389731673074245
tt5613484,-24.48948019950681,10.168285342110986
tt5719748,1.6871601397694498,-10.214901600031979
tt6491178,12.830225626831902,-17.993052987945646
tt4530422,28.97217794354575,-2.645491374780176
tt4537896,17.41595878217692,-25.12707543110094
tt5690360,-5.289123993021065,-15.487418953614327
tt5814060,-4.496879656793995,-14.130097613379151
tt5308322,-3.3009508940652346,-11.260156811523146
tt4971344,17.237669798687655,-3.9540781430599172
tt6543652,-19.95222053131697,-11.99620270572998
tt6513656,22.127152018607266,-22.85903696509956
tt1987680,-13.16803944910837,1.9574162665344665
tt5862312,-8.831995154419058,-10.308387045505704
tt6133466,14.736071939917313,0.5275816943538862
tt3892172,-16.209002995549234,-17.945551951583465
tt5774060,18.481988998260494,18.95125771279694
tt2704998,0.7257830714244423,-11.577844861666534
tt6513120,-18.766866244430794,27.35610113469279
tt4073790,1.6779530790003152,3.3636702040376663
tt6628394,5.842967477675349,-2.4063291963975337
tt6294822,28.971833673677935,-17.041623995216618
tt5294550,9.00895185543085,-14.302624145192196
tt5177088,3.421132288631059,-28.92677111779605
tt6182908,5.680175454943983,21.663372909929123
tt5758778,22.02484458828402,-15.075744686430967
tt6644200,-9.5673537503353,-9.14941725589009
tt5884052,0.6698160409251147,14.283328693611823
tt6673612,0.7790671281222087,18.902402581347122
tt5164432,-29.679244916195852,7.232143433739217
tt1259528,12.795485644813779,-13.251646648468407
tt1298644,-14.267069409046869,16.921798669811576
tt2452244,-20.202407938365756,3.7944889799327135
tt2076298,21.771230036022637,0.6057520413455216
tt6823368,4.8947282039408675,-17.222486553814555
tt6697582,24.18368867664545,22.464951240772244
tt1289403,-35.45313770297417,0.5301284388773008
tt1226837,-12.806528453389282,-0.31534831786482614
tt6214928,-2.483875693979849,-20.1135232842138
tt6476140,14.5276476097058,26.33481344058284
tt6802308,28.16312807485066,-10.142893488085699
tt1025100,16.420864518541524,-20.56906133234129
tt6820256,16.099467085109197,19.424580529040288
tt6679794,13.647630434695456,1.6139810620464528
tt6781982,-26.411354925641902,14.631942111035203
tt1563742,4.640780412460233,-10.329580339315914
tt3794354,6.3033703735762945,19.0123445468763
tt3799232,-29.03187918902115,7.093249016492627
tt6663582,4.360892538577205,-13.46220027031956
tt3104988,-22.369350302294386,-9.542935912425138
tt4815122,5.004611701171721,8.576764168560498
tt2854926,-34.02976931838603,-0.5690072085068874
tt6485666,4.62219857801462,-20.243680952616337
tt2274648,19.34175967186688,7.328848543589952
tt3317234,10.35493411847738,-8.042743146988814
tt2328900,-5.241062018161776,12.667476765533083
tt6902676,17.886510310454238,6.064736445291894
tt2481498,5.509881119902425,-27.763067750442925
tt6146586,18.757982825188055,-6.92471383136146
tt8368406,-18.392393789046174,-14.042408427220558
tt6911608,-24.539486424777618,-8.775983668817545
tt6850820,-10.94237307482157,-14.089895811980876
tt6857112,-11.890642887032568,-20.33190708421015
tt6053438,-19.802302829528767,-19.570638623733835
tt5033998,14.402442017612332,9.56611886341341
tt5001754,10.400546666294664,-4.441311226743802
tt2139881,-28.712905063546582,-17.258521072911513
tt6772950,0.329225053427687,-11.699380745946678
tt6791096,-15.699649053691784,0.5917201055463082
tt6998518,11.484301563197048,22.813905275782616
tt6259380,8.662662094764997,-18.360832660224563
tt3120280,-29.568782047303486,7.5216923337619805
tt4364194,-17.50762580124769,26.200814735686155
tt6921996,20.929682886701322,-11.838051040317003
tt7043012,9.06076227122178,-4.853583741278197
tt2119543,-1.0537181701104053,12.335947348004607
tt7126948,9.66649807481524,13.557962878388935
tt7125860,-20.007861357617813,-22.26299844830142
tt7131622,-12.452021004646154,7.780861356108569
tt3846674,-37.95872668361646,-0.7136336606490883
tt7153766,-9.912133856354856,-15.028759444887866
tt6738136,-25.517170968411712,-6.754860107014578
tt3361792,29.61504717168753,5.713099382777787
tt6990206,34.32031575113221,-1.6881620088369016
tt5580266,-30.755280699379004,9.700833307201757
tt7221896,-34.73248273816978,-4.314643546967004
tt5774450,-1.6811720797397272,-9.833648436172858
tt2639336,-14.218373897801584,-12.683616080992486
tt7137380,-3.0978235079803498,-27.356387201051678
tt7008872,-36.24062629979683,-2.4861096775880025
tt6316138,29.60834839310157,-5.9312761099436395
tt4878482,-25.148019580972846,5.672222713946279
tt5727208,-13.25627227217662,18.321636366886732
tt7349950,-3.369261496889071,10.12292504375954
tt7280898,29.150864059933593,-10.927954313069066
tt7347846,-8.265621081979305,-8.256038789339852
tt5246700,-14.703048237366637,-17.485065062516167
tt7139936,-32.47133466541125,-3.5566845936210756
tt7286456,8.936771809112098,-17.94249501775705
tt6195094,-12.327720935033879,-11.35025561752537
tt4986098,16.597531286150467,10.104019307067018
tt2283336,21.10095786108253,-7.756248891897898
tt7339248,18.2955272423836,1.7459438119644277
tt4913966,-8.475986895629042,-12.592498703951653
tt6343314,-14.756947825317141,29.02878527051104
tt1620981,-11.518084298670937,-4.456216546299922
tt7504726,2.956423050237398,21.12047131760853
tt5294518,-1.2753329024741085,-2.818810529086738
tt4139588,16.122283653727987,-20.487314590617764
tt7040874,-27.216225348513408,4.274345998376522
tt7456310,24.78733329794954,-16.237151161530228
tt7608028,-12.485102191931185,-11.194061059931348
tt4463894,8.68758178212166,-7.684525832177775
tt6742252,-5.354552525443098,-20.100707909422045
tt7349662,30.34839040320257,-14.398850380865127
tt7014006,-26.62633484723301,9.459478649398303
tt6987770,-26.796847482427797,-3.4987757511509754
tt7242142,4.200111236548267,-13.88863795414739
tt6212478,13.5893918637465,-11.509906172903728
tt7664504,-18.565168366320055,-10.4145571260856
tt7668870,-6.259191674265607,-14.367757093757197
tt6966692,6.652297810247979,-26.112105937434556
tt7549996,-16.944652041775843,7.970975185042622
tt7401588,-18.30458208355501,-11.477536146242324
tt6938828,30.72659215705393,10.127531243122549
tt7533152,1.2272664293517987,4.316001403291254
tt7282468,-6.587616364773294,17.808343625539678
tt2395469,-8.990974547035274,1.4263614573932624
tt7098658,-10.133879206989823,-27.162481127732995
tt7653254,-21.98416363381443,-7.766715799266692
tt5208252,29.48844796033268,-10.93974675849859
tt7784604,-10.518475495156183,-10.57393778283471
tt7668842,-26.83499027838214,14.460369354507392
tt7713068,11.910705515805368,-18.655094856057218
tt6751668,-17.400771860233277,-19.92159860422529
tt7431594,-8.627400240028491,-2.1384518086860194
tt6452574,-8.145053677862855,0.8158503510357694
tt7846844,-4.884075279513761,-3.2063530358824854
tt7395114,10.881104971387408,-1.9551692724035497
tt7825208,36.09845073460191,0.6445051355145648
tt6499752,12.584622994804683,6.06618583208961
tt1860242,12.837830060727732,-6.2569620721946775
tt7939766,-26.24932606828428,-8.698464674259524
tt5606664,-7.32714030334915,11.384177917165706
tt3224458,-28.663036506468472,-17.613450959989947
tt1086064,-18.901043023565233,11.915374924381334
tt5363618,-11.108124022367193,3.710390989291363
tt7958736,-25.93278581174717,5.585685083435955
tt6857166,-31.48217035894469,1.043764313028253
tt7984734,18.337255572286338,26.08877766177343
tt7959026,7.993601704953316,-8.838050373370676
tt0385887,3.076734242305108,-19.81853111894676
tt2066051,-17.100406543856128,11.996841545252833
tt7984766,-4.333703975143046,11.715723001434267
tt4761916,10.678163372234861,6.474712120171944
tt8075192,-12.22446525137705,-8.3587673470125
tt2235695,-16.08665095945696,-5.837428575175954
tt1489887,-33.03699993194981,6.205471642210952
tt6292852,12.025063271690966,11.491071402571343
tt8359848,2.1425669705657,1.8788542050085904
tt7146812,1.3309183501250694,11.922644600015316
tt2948372,-27.65280388929209,15.159489030895068
tt4729430,1.4628609489651485,16.528310268169477
tt8106534,22.754468822307313,-11.298547952376675
tt5563334,-13.738985881783439,17.19492225886664
tt8364368,16.779906466199545,21.709483020052613
tt8155288,-3.297149869881471,-11.176155132943732
tt7975244,6.684823508938081,10.50431273412949
tt8151874,-13.095801765252082,3.8534897073269576
tt7734218,11.201894457081965,-18.129334236784768
tt7374948,-20.63819138115436,6.2862987981770315
tt8244784,6.792475389438023,7.460512431612916
tt6141246,21.599309579459234,19.063887002805053
tt1618434,6.0222607626568765,-19.94954016861458
tt2584384,33.78903937646687,-6.358682030998312
tt7775622,23.173402619560918,20.140755249281064
tt8079248,-19.40900083075842,10.435704765277048
tt6048922,29.601032737173366,-1.3556055440736334
tt8267604,-5.126075970066614,-0.3197795843556438
tt5865326,5.544341626400346,-7.441579014551847
tt8291806,-11.205789032052683,9.370736821095342
tt8522006,-31.169996250367443,-7.355561482191282
tt8350360,-6.508971543496493,-10.153168011516852
tt6977338,3.997976000792749,10.10083546634412
tt8361028,-37.34682077600197,7.359382976231969
tt6924650,28.541089734108713,-0.8862736879705928
tt4916630,6.104134250463086,-25.892351081771313
tt8367814,8.975383269929067,-7.166994161070015
tt5886046,6.276989940023771,7.500597741201711
tt1478839,2.505684101021316,20.31656194118402
tt1206885,-11.517398927518272,-6.232553073695012
tt4687108,-10.667210587566158,-9.12915605178988
tt6107548,-30.018333159838534,-15.892171098718235
tt7737786,16.401020280458138,16.79235816352492
tt6079516,-7.8088198139157345,-12.248443975908074
tt8236336,27.381201004291146,-16.063458224395234
tt6394270,35.47255432547054,10.34696680915787
tt7315484,-9.374216977656637,-8.76756127971158
tt2990140,-34.40678482035071,-6.560011467320063
tt6472976,-27.31674961989587,6.591308753859983
tt8526872,-8.785353902856588,24.42941779808816
tt6908274,-10.901872078542674,-14.807777499613213
tt8544498,-22.593841055803157,21.677796734391347
tt7772580,-23.110467354530673,8.39164057377208
tt8110640,3.620764508583281,-18.56267992141915
tt8772262,2.9560380027875706,1.4702571785892637
tt8206668,-30.686398789102768,14.689370221676366
tt8579674,27.784876214487912,1.5735808115981211
tt7752126,1.3444848171867534,13.282686627585878
tt8613070,-17.127719374269326,2.870591850376992
tt8580274,-20.241121658234274,10.854749448280572
tt3661210,23.878075965982593,5.273773622978457
tt8663516,-12.434732816620704,-13.188011016110204
tt8108202,-8.685337433027676,0.6602027624942597
tt8108198,-1.2336793934904073,-18.28628277201609
tt7605074,17.260844565131915,15.241675907364245
tt8688634,5.432730696396872,-19.599568870490316
tt6398184,-38.740567496119574,-4.184867988742438
tt8695030,6.6209671379426736,4.3470245586848435
tt5697572,1.2260641149294118,24.538103284932543
tt4126476,-27.118076457952135,7.52033462502718
tt6412452,14.4908326286304,-2.683316183390166
tt8239946,-7.56581336247314,-1.8963909607363814
tt0983946,5.091114684654497,6.521236188118422
tt8784956,15.489411242400223,-21.408694706113515
tt8781414,-10.365406118155423,-7.5761485625563205
tt5503686,-20.67140545463369,16.32646631098152
tt8201170,-27.2537484355683,13.199914391106496
tt7905466,31.40903736102321,7.571340125253929
tt8936646,16.083981183992364,-9.972200637442748
tt8633478,-10.450234562871115,-7.568290199763313
tt8946378,2.7114360519038354,-19.362632526366085
tt7556122,8.586754040390266,10.698950038279545
tt7725596,-27.007410914834725,-11.956506606605004
tt5073642,12.837727040856207,13.438427456676557
tt8623904,-23.954246131135864,-2.8663786742258037
tt8404614,5.4505994583977415,-6.210423485341451
tt10919380,-8.156978132737459,-5.563845019737064
tt9071322,6.14767586774809,-8.310803661693193
tt1838556,5.776541053987819,-11.385109182822404
tt8291224,27.220565920467163,-10.347904655858702
tt7886848,-8.439451496259895,-0.5486212663475486
tt8503618,32.591169664344456,8.716261369047624
tt9214832,-16.439223900508143,3.390588821919765
tt1070874,35.808332939267586,2.199364392400041
tt9243946,31.117165879947894,3.326455242798092
tt7838252,28.946500238278073,3.318340190529339
tt8637428,-15.786079472193606,-13.758380322848879
tt9354842,-37.95256770050546,-0.722062439984119
tt6803046,3.673306191751143,10.640213006727045
tt7798634,-10.35266719435356,-21.01355560446519
tt9412098,-13.055532602051109,19.252825545859785
tt4332232,-12.902293109995416,-16.976474991926583
tt1051906,-4.213680887588455,-16.084283203548132
tt8508734,-14.124918499855937,-21.045304484606188
tt8983202,-10.676464166228874,2.151850039381037
tt6723592,21.981934244634946,-9.009133599166208
tt9686708,-24.767670321087238,9.561039336370632
tt10288566,-30.504367298169743,13.935904461064881
tt6878306,12.682362255948512,-1.919841477929437
tt8629748,9.022642347877229,-22.53416534150421
tt9770150,-15.445208340265147,-13.01333902135872
tt9777644,25.509894088317196,-3.636189649694496
tt9620292,-8.79999212769225,-14.810055244013313
tt9619798,-19.41362820506963,0.6230191409766463
tt9196192,-26.93488996292493,7.946270415425204
tt9398640,-18.832699759377252,16.120790752968613
tt9806192,-19.012368570000262,-0.12225443293440875
tt9484998,-28.042041103211986,-4.456601719240166
tt2222042,0.49794190165730007,4.839387571112107
tt6772802,-5.613126690816875,2.195931792134773
tt10189514,27.79712122827821,13.543520775435299
tt9052870,-30.45238276206489,1.4896372837523835
tt9683478,-29.557981557666675,8.111959681845201
tt10039344,-10.57526541719418,-22.954675515195074
tt9893250,-4.359577957750628,-27.812527330287097
tt10016180,4.386160873878513,-18.52667049332759
tt10350922,-1.5639449892910737,-1.5216534749697006
tt7550000,11.929328442992386,-20.26897475973146
tt5116302,24.394483559630643,18.779881749283668
tt10280276,-9.559289259611717,-0.599450423451373
tt10618286,-13.38794369168812,10.008461084597112
tt10620868,7.594090535947567,2.2020302263286817
tt10539608,16.705672915093697,16.423196050281334
tt9866072,-31.08274943655217,-3.8095476927388576
tt10514222,-17.51133448800494,9.70294611975596
tt10682266,-36.30309368541032,-7.15451335410808
tt8228288,5.700182235815426,7.25219313329308
tt11024272,-31.931787152916023,22.90758480255864
tt10059518,-13.334230441642337,-15.33240017648518
tt10579952,-30.71500338459122,14.422146591345388
tt6571548,7.0458122677305965,-4.410824060157867
tt10431500,-14.860080069392927,-16.688572908845156
tt11161474,-14.950634736646718,-12.10182486587056
tt7985648,27.01218028666777,7.023963347390242
tt8110330,-18.600905391292716,-9.55138172167462
tt11464826,32.85733491233729,12.816784904579146
tt7212754,-8.784887294341104,5.882268232346539
tt11989890,31.770617383959177,10.871608612957372
tt10886166,5.752591919258487,-15.19668352991062
tt10554232,33.55279965186383,-3.6184244185300494
tt13143964,34.001898191443836,9.065507918443416
tt10451914,15.480846763376721,8.469147969917094
